2024-12-20 22:23:36,947 - INFO - 2.18.0
2024-12-20 22:24:28,204 - INFO - 2.18.0
2024-12-20 22:24:30,843 - DEBUG - Play the new game #2
2024-12-20 22:24:34,947 - DEBUG - Misha's prediction for this state: [286.65378 272.60153 289.26334 269.11945 281.8152  268.7836  279.6825
 270.48648 276.4053  281.3957 ], max: [2, 1]
2024-12-20 22:24:39,184 - DEBUG - Misha's prediction for this state: [286.0444  272.0218  288.65567 268.53873 281.23956 268.18887 279.0915
 269.92426 275.80823 280.77164], max: [2, 4]
2024-12-20 22:24:42,525 - DEBUG - Misha's prediction for this state: [286.0444  272.0218  288.65567 268.53873 281.23956 268.18887 279.0915
 269.92426 275.80823 280.77164], max: [2, 4]
2024-12-20 22:24:45,794 - DEBUG - Misha's prediction for this state: [286.0444  272.0218  288.65567 268.53873 281.23956 268.18887 279.0915
 269.92426 275.80823 280.77164], max: [2, 4]
2024-12-20 22:24:49,190 - DEBUG - Misha's prediction for this state: [286.0444  272.0218  288.65567 268.53873 281.23956 268.18887 279.0915
 269.92426 275.80823 280.77164], max: [2, 4]
2024-12-20 22:24:52,516 - DEBUG - Misha's prediction for this state: [286.0444  272.0218  288.65567 268.53873 281.23956 268.18887 279.0915
 269.92426 275.80823 280.77164], max: [2, 4]
2024-12-20 22:24:55,874 - DEBUG - Misha's prediction for this state: [286.0444  272.0218  288.65567 268.53873 281.23956 268.18887 279.0915
 269.92426 275.80823 280.77164], max: [2, 4]
2024-12-20 22:24:59,244 - DEBUG - Misha's prediction for this state: [286.0444  272.0218  288.65567 268.53873 281.23956 268.18887 279.0915
 269.92426 275.80823 280.77164], max: [2, 4]
2024-12-20 22:28:25,648 - INFO - 2.18.0
2024-12-20 22:28:28,034 - DEBUG - Play the new game #2
2024-12-20 22:28:31,863 - DEBUG - Misha's prediction for this state: [286.65378 272.60153 289.26334 269.11945 281.8152  268.7836  279.6825
 270.48648 276.4053  281.3957 ], max: [2, 1]
2024-12-20 22:28:31,968 - DEBUG - Actions to take: [2, 1]
2024-12-20 22:28:32,200 - DEBUG - LEFT, DOWN
2024-12-20 22:28:35,416 - DEBUG - Misha's prediction for this state: [288.9848  274.78613 291.39072 271.25748 283.84833 271.0192  281.9566
 272.36508 278.42892 283.63586], max: [2, 1]
2024-12-20 22:28:35,490 - DEBUG - Actions to take: [2, 1]
2024-12-20 22:28:35,637 - DEBUG - LEFT, DOWN
2024-12-20 22:28:38,872 - DEBUG - Misha's prediction for this state: [291.05984 276.87122 293.69305 273.21835 286.09378 272.95276 284.01767
 274.49377 280.51382 285.69333], max: [2, 1]
2024-12-20 22:28:38,976 - DEBUG - Actions to take: [2, 1]
2024-12-20 22:28:39,164 - DEBUG - LEFT, DOWN
2024-12-20 22:28:42,400 - DEBUG - Misha's prediction for this state: [291.05984 276.87122 293.69305 273.21835 286.09378 272.95276 284.01767
 274.49377 280.51382 285.69333], max: [2, 1]
2024-12-20 22:28:42,483 - DEBUG - Actions to take: [2, 1]
2024-12-20 22:28:42,663 - DEBUG - LEFT, DOWN
2024-12-20 22:28:45,857 - DEBUG - Misha's prediction for this state: [291.05984 276.87122 293.69305 273.21835 286.09378 272.95276 284.01767
 274.49377 280.51382 285.69333], max: [2, 1]
2024-12-20 22:28:45,959 - DEBUG - Actions to take: [2, 1]
2024-12-20 22:28:46,179 - DEBUG - LEFT, DOWN
2024-12-20 22:28:49,386 - DEBUG - Misha's prediction for this state: [291.05984 276.87122 293.69305 273.21835 286.09378 272.95276 284.01767
 274.49377 280.51382 285.69333], max: [2, 1]
2024-12-20 22:28:49,490 - DEBUG - Actions to take: [2, 1]
2024-12-20 22:28:49,680 - DEBUG - LEFT, DOWN
2024-12-20 22:28:52,886 - DEBUG - Misha's prediction for this state: [291.05984 276.87122 293.69305 273.21835 286.09378 272.95276 284.01767
 274.49377 280.51382 285.69333], max: [2, 1]
2024-12-20 22:28:52,986 - DEBUG - Actions to take: [2, 1]
2024-12-20 22:28:53,202 - DEBUG - LEFT, DOWN
2024-12-20 22:28:56,825 - DEBUG - Misha's prediction for this state: [293.0177  278.4953  295.62408 274.9436  287.7802  274.6379  285.91348
 276.28674 282.37512 287.6643 ], max: [2, 1]
2024-12-20 22:28:56,942 - DEBUG - Actions to take: [2, 1]
2024-12-20 22:28:57,107 - DEBUG - LEFT, DOWN
2024-12-20 22:29:00,321 - DEBUG - Misha's prediction for this state: [293.0177  278.4953  295.62408 274.9436  287.7802  274.6379  285.91348
 276.28674 282.37512 287.6643 ], max: [2, 1]
2024-12-20 22:29:00,411 - DEBUG - Actions to take: [2, 1]
2024-12-20 22:29:00,624 - DEBUG - LEFT, DOWN
2024-12-20 22:29:03,835 - DEBUG - Misha's prediction for this state: [293.0177  278.4953  295.62408 274.9436  287.7802  274.6379  285.91348
 276.28674 282.37512 287.6643 ], max: [2, 1]
2024-12-20 22:29:03,914 - DEBUG - Actions to take: [2, 1]
2024-12-20 22:29:04,058 - DEBUG - LEFT, DOWN
2024-12-20 22:29:07,253 - DEBUG - Misha's prediction for this state: [293.0177  278.4953  295.62408 274.9436  287.7802  274.6379  285.91348
 276.28674 282.37512 287.6643 ], max: [2, 1]
2024-12-20 22:29:07,348 - DEBUG - Actions to take: [2, 1]
2024-12-20 22:29:07,559 - DEBUG - LEFT, DOWN
2024-12-20 22:29:10,759 - DEBUG - Misha's prediction for this state: [293.0177  278.4953  295.62408 274.9436  287.7802  274.6379  285.91348
 276.28674 282.37512 287.6643 ], max: [2, 1]
2024-12-20 22:29:10,836 - DEBUG - Actions to take: [2, 1]
2024-12-20 22:29:11,002 - DEBUG - LEFT, DOWN
2024-12-20 22:29:14,182 - DEBUG - Misha's prediction for this state: [293.0177  278.4953  295.62408 274.9436  287.7802  274.6379  285.91348
 276.28674 282.37512 287.6643 ], max: [2, 1]
2024-12-20 22:29:14,257 - DEBUG - Actions to take: [2, 1]
2024-12-20 22:29:14,417 - DEBUG - LEFT, DOWN
2024-12-20 22:29:17,616 - DEBUG - Misha's prediction for this state: [293.0177  278.4953  295.62408 274.9436  287.7802  274.6379  285.91348
 276.28674 282.37512 287.6643 ], max: [2, 1]
2024-12-20 22:29:17,687 - DEBUG - Actions to take: [2, 1]
2024-12-20 22:29:17,845 - DEBUG - LEFT, DOWN
2024-12-20 22:29:21,000 - DEBUG - Misha's prediction for this state: [293.0177  278.4953  295.62408 274.9436  287.7802  274.6379  285.91348
 276.28674 282.37512 287.6643 ], max: [2, 1]
2024-12-20 22:29:21,063 - DEBUG - Actions to take: [2, 1]
2024-12-20 22:29:21,242 - DEBUG - LEFT, DOWN
2024-12-20 22:29:24,413 - DEBUG - Misha's prediction for this state: [293.0177  278.4953  295.62408 274.9436  287.7802  274.6379  285.91348
 276.28674 282.37512 287.6643 ], max: [2, 1]
2024-12-20 22:29:24,479 - DEBUG - Actions to take: [2, 1]
2024-12-20 22:29:24,612 - DEBUG - LEFT, DOWN
2024-12-20 22:29:28,026 - DEBUG - Misha's prediction for this state: [293.0177  278.4953  295.62408 274.9436  287.7802  274.6379  285.91348
 276.28674 282.37512 287.6643 ], max: [2, 1]
2024-12-20 22:29:28,122 - DEBUG - Actions to take: [2, 1]
2024-12-20 22:29:28,344 - DEBUG - LEFT, DOWN
2024-12-20 22:29:31,530 - DEBUG - Misha's prediction for this state: [293.0177  278.4953  295.62408 274.9436  287.7802  274.6379  285.91348
 276.28674 282.37512 287.6643 ], max: [2, 1]
2024-12-20 22:29:31,613 - DEBUG - Actions to take: [2, 1]
2024-12-20 22:29:31,779 - DEBUG - LEFT, DOWN
2024-12-20 22:29:34,954 - DEBUG - Misha's prediction for this state: [293.0177  278.4953  295.62408 274.9436  287.7802  274.6379  285.91348
 276.28674 282.37512 287.6643 ], max: [2, 1]
2024-12-20 22:29:35,023 - DEBUG - Actions to take: [2, 1]
2024-12-20 22:29:35,214 - DEBUG - LEFT, DOWN
2024-12-20 22:29:38,408 - DEBUG - Misha's prediction for this state: [293.0177  278.4953  295.62408 274.9436  287.7802  274.6379  285.91348
 276.28674 282.37512 287.6643 ], max: [2, 1]
2024-12-20 22:29:38,481 - DEBUG - Actions to take: [2, 1]
2024-12-20 22:29:38,629 - DEBUG - LEFT, DOWN
2024-12-20 22:29:41,837 - DEBUG - Misha's prediction for this state: [293.0177  278.4953  295.62408 274.9436  287.7802  274.6379  285.91348
 276.28674 282.37512 287.6643 ], max: [2, 1]
2024-12-20 22:29:41,921 - DEBUG - Actions to take: [2, 1]
2024-12-20 22:29:42,095 - DEBUG - LEFT, DOWN
2024-12-20 22:29:45,249 - DEBUG - Misha's prediction for this state: [293.0177  278.4953  295.62408 274.9436  287.7802  274.6379  285.91348
 276.28674 282.37512 287.6643 ], max: [2, 1]
2024-12-20 22:29:45,337 - DEBUG - Actions to take: [2, 1]
2024-12-20 22:29:45,471 - DEBUG - LEFT, DOWN
2024-12-20 22:29:48,652 - DEBUG - Misha's prediction for this state: [293.0177  278.4953  295.62408 274.9436  287.7802  274.6379  285.91348
 276.28674 282.37512 287.6643 ], max: [2, 1]
2024-12-20 22:29:48,735 - DEBUG - Actions to take: [2, 1]
2024-12-20 22:29:48,916 - DEBUG - LEFT, DOWN
2024-12-20 22:29:52,128 - DEBUG - Misha's prediction for this state: [293.0177  278.4953  295.62408 274.9436  287.7802  274.6379  285.91348
 276.28674 282.37512 287.6643 ], max: [2, 1]
2024-12-20 22:29:52,204 - DEBUG - Actions to take: [2, 1]
2024-12-20 22:29:52,348 - DEBUG - LEFT, DOWN
2024-12-20 22:29:55,548 - DEBUG - Misha's prediction for this state: [293.0177  278.4953  295.62408 274.9436  287.7802  274.6379  285.91348
 276.28674 282.37512 287.6643 ], max: [2, 1]
2024-12-20 22:29:55,632 - DEBUG - Actions to take: [2, 1]
2024-12-20 22:29:55,799 - DEBUG - LEFT, DOWN
2024-12-20 22:29:59,061 - DEBUG - Misha's prediction for this state: [293.0177  278.4953  295.62408 274.9436  287.7802  274.6379  285.91348
 276.28674 282.37512 287.6643 ], max: [2, 1]
2024-12-20 22:29:59,163 - DEBUG - Actions to take: [2, 1]
2024-12-20 22:29:59,375 - DEBUG - LEFT, DOWN
2024-12-20 22:30:02,603 - DEBUG - Misha's prediction for this state: [293.0177  278.4953  295.62408 274.9436  287.7802  274.6379  285.91348
 276.28674 282.37512 287.6643 ], max: [2, 1]
2024-12-20 22:30:02,692 - DEBUG - Actions to take: [2, 1]
2024-12-20 22:30:02,903 - DEBUG - LEFT, DOWN
2024-12-20 22:30:06,107 - DEBUG - Misha's prediction for this state: [293.0177  278.4953  295.62408 274.9436  287.7802  274.6379  285.91348
 276.28674 282.37512 287.6643 ], max: [2, 1]
2024-12-20 22:30:06,206 - DEBUG - Actions to take: [2, 1]
2024-12-20 22:30:06,427 - DEBUG - LEFT, DOWN
2024-12-20 22:30:09,595 - DEBUG - Misha's prediction for this state: [293.0177  278.4953  295.62408 274.9436  287.7802  274.6379  285.91348
 276.28674 282.37512 287.6643 ], max: [2, 1]
2024-12-20 22:30:09,665 - DEBUG - Actions to take: [2, 1]
2024-12-20 22:30:09,846 - DEBUG - LEFT, DOWN
2024-12-20 22:30:13,016 - DEBUG - Misha's prediction for this state: [293.0177  278.4953  295.62408 274.9436  287.7802  274.6379  285.91348
 276.28674 282.37512 287.6643 ], max: [2, 1]
2024-12-20 22:30:13,080 - DEBUG - Actions to take: [2, 1]
2024-12-20 22:30:13,278 - DEBUG - LEFT, DOWN
2024-12-20 22:30:17,633 - DEBUG - Misha's prediction for this state: [293.0177  278.4953  295.62408 274.9436  287.7802  274.6379  285.91348
 276.28674 282.37512 287.6643 ], max: [2, 1]
2024-12-20 22:30:17,733 - DEBUG - Actions to take: [2, 1]
2024-12-20 22:30:17,928 - DEBUG - LEFT, DOWN
2024-12-20 22:30:22,090 - DEBUG - Misha's prediction for this state: [293.0177  278.4953  295.62408 274.9436  287.7802  274.6379  285.91348
 276.28674 282.37512 287.6643 ], max: [2, 1]
2024-12-20 22:30:22,152 - DEBUG - Actions to take: [2, 1]
2024-12-20 22:30:22,274 - DEBUG - LEFT, DOWN
2024-12-20 22:30:25,545 - DEBUG - Misha's prediction for this state: [293.0177  278.4953  295.62408 274.9436  287.7802  274.6379  285.91348
 276.28674 282.37512 287.6643 ], max: [2, 1]
2024-12-20 22:30:25,662 - DEBUG - Actions to take: [2, 1]
2024-12-20 22:30:25,872 - DEBUG - LEFT, DOWN
2024-12-20 22:30:29,247 - DEBUG - Misha's prediction for this state: [293.0177  278.4953  295.62408 274.9436  287.7802  274.6379  285.91348
 276.28674 282.37512 287.6643 ], max: [2, 1]
2024-12-20 22:30:29,355 - DEBUG - Actions to take: [2, 1]
2024-12-20 22:30:29,577 - DEBUG - LEFT, DOWN
2024-12-20 22:30:32,798 - DEBUG - Misha's prediction for this state: [293.0177  278.4953  295.62408 274.9436  287.7802  274.6379  285.91348
 276.28674 282.37512 287.6643 ], max: [2, 1]
2024-12-20 22:30:32,905 - DEBUG - Actions to take: [2, 1]
2024-12-20 22:30:33,081 - DEBUG - LEFT, DOWN
2024-12-20 22:30:36,303 - DEBUG - Misha's prediction for this state: [293.0177  278.4953  295.62408 274.9436  287.7802  274.6379  285.91348
 276.28674 282.37512 287.6643 ], max: [2, 1]
2024-12-20 22:30:36,386 - DEBUG - Actions to take: [2, 1]
2024-12-20 22:30:36,539 - DEBUG - LEFT, DOWN
2024-12-20 22:30:39,739 - DEBUG - Misha's prediction for this state: [293.0177  278.4953  295.62408 274.9436  287.7802  274.6379  285.91348
 276.28674 282.37512 287.6643 ], max: [2, 1]
2024-12-20 22:30:39,819 - DEBUG - Actions to take: [2, 1]
2024-12-20 22:30:39,983 - DEBUG - LEFT, DOWN
2024-12-20 22:30:43,202 - DEBUG - Misha's prediction for this state: [293.0177  278.4953  295.62408 274.9436  287.7802  274.6379  285.91348
 276.28674 282.37512 287.6643 ], max: [2, 1]
2024-12-20 22:30:43,304 - DEBUG - Actions to take: [2, 1]
2024-12-20 22:30:43,475 - DEBUG - LEFT, DOWN
2024-12-20 22:30:46,682 - DEBUG - Misha's prediction for this state: [293.0177  278.4953  295.62408 274.9436  287.7802  274.6379  285.91348
 276.28674 282.37512 287.6643 ], max: [2, 1]
2024-12-20 22:30:46,771 - DEBUG - Actions to take: [2, 1]
2024-12-20 22:30:47,047 - DEBUG - LEFT, DOWN
2024-12-20 22:30:50,360 - DEBUG - Misha's prediction for this state: [293.0177  278.4953  295.62408 274.9436  287.7802  274.6379  285.91348
 276.28674 282.37512 287.6643 ], max: [2, 1]
2024-12-20 22:30:50,471 - DEBUG - Actions to take: [2, 1]
2024-12-20 22:30:50,653 - DEBUG - LEFT, DOWN
2024-12-20 22:30:54,215 - DEBUG - Misha's prediction for this state: [293.0177  278.4953  295.62408 274.9436  287.7802  274.6379  285.91348
 276.28674 282.37512 287.6643 ], max: [2, 1]
2024-12-20 22:30:54,326 - DEBUG - Actions to take: [2, 1]
2024-12-20 22:30:54,525 - DEBUG - LEFT, DOWN
2024-12-20 22:30:57,698 - DEBUG - Misha's prediction for this state: [293.0177  278.4953  295.62408 274.9436  287.7802  274.6379  285.91348
 276.28674 282.37512 287.6643 ], max: [2, 1]
2024-12-20 22:30:57,768 - DEBUG - Actions to take: [2, 1]
2024-12-20 22:30:57,898 - DEBUG - LEFT, DOWN
2024-12-20 22:31:01,243 - DEBUG - Misha's prediction for this state: [293.0177  278.4953  295.62408 274.9436  287.7802  274.6379  285.91348
 276.28674 282.37512 287.6643 ], max: [2, 1]
2024-12-20 22:31:01,411 - DEBUG - Actions to take: [2, 1]
2024-12-20 22:31:01,619 - DEBUG - LEFT, DOWN
2024-12-20 22:31:04,844 - DEBUG - Misha's prediction for this state: [293.14624 278.62228 295.75104 275.06534 287.91025 274.76538 286.03616
 276.4072  282.50253 287.79062], max: [2, 1]
2024-12-20 22:31:04,908 - DEBUG - Actions to take: [2, 1]
2024-12-20 22:31:05,047 - DEBUG - LEFT, DOWN
2024-12-20 22:31:08,575 - DEBUG - Misha's prediction for this state: [298.26764 283.42267 300.8967  279.72705 292.80267 279.71594 291.0026
 281.1849  287.542   292.94205], max: [2, 1]
2024-12-20 22:31:08,664 - DEBUG - Actions to take: [2, 1]
2024-12-20 22:31:08,941 - DEBUG - LEFT, DOWN
2024-12-20 22:31:12,235 - DEBUG - Misha's prediction for this state: [298.26764 283.42267 300.8967  279.72705 292.80267 279.71594 291.0026
 281.1849  287.542   292.94205], max: [2, 1]
2024-12-20 22:31:12,344 - DEBUG - Actions to take: [2, 1]
2024-12-20 22:31:12,531 - DEBUG - LEFT, DOWN
2024-12-20 22:31:15,743 - DEBUG - Misha's prediction for this state: [298.26764 283.42267 300.8967  279.72705 292.80267 279.71594 291.0026
 281.1849  287.542   292.94205], max: [2, 1]
2024-12-20 22:31:15,843 - DEBUG - Actions to take: [2, 1]
2024-12-20 22:31:16,116 - DEBUG - LEFT, DOWN
2024-12-20 22:31:19,382 - DEBUG - Misha's prediction for this state: [298.26764 283.42267 300.8967  279.72705 292.80267 279.71594 291.0026
 281.1849  287.542   292.94205], max: [2, 1]
2024-12-20 22:31:19,488 - DEBUG - Actions to take: [2, 1]
2024-12-20 22:31:19,713 - DEBUG - LEFT, DOWN
2024-12-20 22:31:22,959 - DEBUG - Misha's prediction for this state: [298.26764 283.42267 300.8967  279.72705 292.80267 279.71594 291.0026
 281.1849  287.542   292.94205], max: [2, 1]
2024-12-20 22:31:23,058 - DEBUG - Actions to take: [2, 1]
2024-12-20 22:31:23,248 - DEBUG - LEFT, DOWN
2024-12-20 22:31:26,464 - DEBUG - Misha's prediction for this state: [298.26764 283.42267 300.8967  279.72705 292.80267 279.71594 291.0026
 281.1849  287.542   292.94205], max: [2, 1]
2024-12-20 22:31:26,561 - DEBUG - Actions to take: [2, 1]
2024-12-20 22:31:26,727 - DEBUG - LEFT, DOWN
2024-12-20 22:31:31,038 - DEBUG - Misha's prediction for this state: [316.31027 300.5543  319.0204  296.59964 310.89352 296.47208 308.61172
 298.32623 304.9247  310.26877], max: [2, 1]
2024-12-20 22:31:31,125 - DEBUG - Actions to take: [2, 1]
2024-12-20 22:31:31,319 - DEBUG - LEFT, DOWN
2024-12-20 22:31:34,461 - DEBUG - Misha's prediction for this state: [316.31027 300.5543  319.0204  296.59964 310.89352 296.47208 308.61172
 298.32623 304.9247  310.26877], max: [2, 1]
2024-12-20 22:31:34,531 - DEBUG - Actions to take: [2, 1]
2024-12-20 22:31:34,681 - DEBUG - LEFT, DOWN
2024-12-20 22:31:38,566 - DEBUG - Misha's prediction for this state: [316.31027 300.5543  319.0204  296.59964 310.89352 296.47208 308.61172
 298.32623 304.9247  310.26877], max: [2, 1]
2024-12-20 22:31:38,685 - DEBUG - Actions to take: [2, 1]
2024-12-20 22:31:38,922 - DEBUG - LEFT, DOWN
2024-12-20 22:31:42,675 - DEBUG - Misha's prediction for this state: [316.31027 300.5543  319.0204  296.59964 310.89352 296.47208 308.61172
 298.32623 304.9247  310.26877], max: [2, 1]
2024-12-20 22:31:42,753 - DEBUG - Actions to take: [2, 1]
2024-12-20 22:31:42,924 - DEBUG - LEFT, DOWN
2024-12-20 22:31:46,777 - DEBUG - Misha's prediction for this state: [316.31027 300.5543  319.0204  296.59964 310.89352 296.47208 308.61172
 298.32623 304.9247  310.26877], max: [2, 1]
2024-12-20 22:31:46,932 - DEBUG - Actions to take: [2, 1]
2024-12-20 22:31:47,155 - DEBUG - LEFT, DOWN
2024-12-20 22:31:51,605 - DEBUG - Misha's prediction for this state: [316.31027 300.5543  319.0204  296.59964 310.89352 296.47208 308.61172
 298.32623 304.9247  310.26877], max: [2, 1]
2024-12-20 22:31:51,705 - DEBUG - Actions to take: [2, 1]
2024-12-20 22:31:51,889 - DEBUG - LEFT, DOWN
2024-12-20 22:31:55,044 - DEBUG - Misha's prediction for this state: [316.31027 300.5543  319.0204  296.59964 310.89352 296.47208 308.61172
 298.32623 304.9247  310.26877], max: [2, 1]
2024-12-20 22:31:55,143 - DEBUG - Actions to take: [2, 1]
2024-12-20 22:31:55,342 - DEBUG - LEFT, DOWN
2024-12-20 22:31:58,569 - DEBUG - Misha's prediction for this state: [316.31027 300.5543  319.0204  296.59964 310.89352 296.47208 308.61172
 298.32623 304.9247  310.26877], max: [2, 1]
2024-12-20 22:31:58,678 - DEBUG - Actions to take: [2, 1]
2024-12-20 22:31:58,855 - DEBUG - LEFT, DOWN
2024-12-20 22:32:02,089 - DEBUG - Misha's prediction for this state: [316.31027 300.5543  319.0204  296.59964 310.89352 296.47208 308.61172
 298.32623 304.9247  310.26877], max: [2, 1]
2024-12-20 22:32:02,190 - DEBUG - Actions to take: [2, 1]
2024-12-20 22:32:02,379 - DEBUG - LEFT, DOWN
2024-12-20 22:32:05,575 - DEBUG - Misha's prediction for this state: [316.31027 300.5543  319.0204  296.59964 310.89352 296.47208 308.61172
 298.32623 304.9247  310.26877], max: [2, 1]
2024-12-20 22:32:05,673 - DEBUG - Actions to take: [2, 1]
2024-12-20 22:32:05,856 - DEBUG - LEFT, DOWN
2024-12-20 22:32:09,052 - DEBUG - Misha's prediction for this state: [316.31027 300.5543  319.0204  296.59964 310.89352 296.47208 308.61172
 298.32623 304.9247  310.26877], max: [2, 1]
2024-12-20 22:32:09,141 - DEBUG - Actions to take: [2, 1]
2024-12-20 22:32:09,314 - DEBUG - LEFT, DOWN
2024-12-20 22:32:12,666 - DEBUG - Misha's prediction for this state: [316.31027 300.5543  319.0204  296.59964 310.89352 296.47208 308.61172
 298.32623 304.9247  310.26877], max: [2, 1]
2024-12-20 22:32:12,793 - DEBUG - Actions to take: [2, 1]
2024-12-20 22:32:13,038 - DEBUG - LEFT, DOWN
2024-12-20 22:32:16,204 - DEBUG - Misha's prediction for this state: [316.31027 300.5543  319.0204  296.59964 310.89352 296.47208 308.61172
 298.32623 304.9247  310.26877], max: [2, 1]
2024-12-20 22:32:16,300 - DEBUG - Actions to take: [2, 1]
2024-12-20 22:32:16,519 - DEBUG - LEFT, DOWN
2024-12-20 22:32:19,675 - DEBUG - Misha's prediction for this state: [316.31027 300.5543  319.0204  296.59964 310.89352 296.47208 308.61172
 298.32623 304.9247  310.26877], max: [2, 1]
2024-12-20 22:32:19,771 - DEBUG - Actions to take: [2, 1]
2024-12-20 22:32:20,003 - DEBUG - LEFT, DOWN
2024-12-20 22:32:23,211 - DEBUG - Misha's prediction for this state: [316.31027 300.5543  319.0204  296.59964 310.89352 296.47208 308.61172
 298.32623 304.9247  310.26877], max: [2, 1]
2024-12-20 22:32:23,312 - DEBUG - Actions to take: [2, 1]
2024-12-20 22:32:23,522 - DEBUG - LEFT, DOWN
2024-12-20 22:32:26,703 - DEBUG - Misha's prediction for this state: [316.31027 300.5543  319.0204  296.59964 310.89352 296.47208 308.61172
 298.32623 304.9247  310.26877], max: [2, 1]
2024-12-20 22:32:26,810 - DEBUG - Actions to take: [2, 1]
2024-12-20 22:32:27,028 - DEBUG - LEFT, DOWN
2024-12-20 22:32:30,210 - DEBUG - Misha's prediction for this state: [316.31027 300.5543  319.0204  296.59964 310.89352 296.47208 308.61172
 298.32623 304.9247  310.26877], max: [2, 1]
2024-12-20 22:32:30,303 - DEBUG - Actions to take: [2, 1]
2024-12-20 22:32:30,482 - DEBUG - LEFT, DOWN
2024-12-20 22:32:33,687 - DEBUG - Misha's prediction for this state: [316.31027 300.5543  319.0204  296.59964 310.89352 296.47208 308.61172
 298.32623 304.9247  310.26877], max: [2, 1]
2024-12-20 22:32:33,793 - DEBUG - Actions to take: [2, 1]
2024-12-20 22:32:34,017 - DEBUG - LEFT, DOWN
2024-12-20 22:32:38,486 - DEBUG - Misha's prediction for this state: [316.31027 300.5543  319.0204  296.59964 310.89352 296.47208 308.61172
 298.32623 304.9247  310.26877], max: [2, 1]
2024-12-20 22:32:38,589 - DEBUG - Actions to take: [2, 1]
2024-12-20 22:32:38,815 - DEBUG - LEFT, DOWN
2024-12-20 22:32:42,567 - DEBUG - Misha's prediction for this state: [316.31027 300.5543  319.0204  296.59964 310.89352 296.47208 308.61172
 298.32623 304.9247  310.26877], max: [2, 1]
2024-12-20 22:32:42,673 - DEBUG - Actions to take: [2, 1]
2024-12-20 22:32:42,877 - DEBUG - LEFT, DOWN
2024-12-20 22:32:46,615 - DEBUG - Misha's prediction for this state: [316.31027 300.5543  319.0204  296.59964 310.89352 296.47208 308.61172
 298.32623 304.9247  310.26877], max: [2, 1]
2024-12-20 22:32:46,723 - DEBUG - Actions to take: [2, 1]
2024-12-20 22:32:46,954 - DEBUG - LEFT, DOWN
2024-12-20 22:32:50,108 - DEBUG - Misha's prediction for this state: [316.31027 300.5543  319.0204  296.59964 310.89352 296.47208 308.61172
 298.32623 304.9247  310.26877], max: [2, 1]
2024-12-20 22:32:50,209 - DEBUG - Actions to take: [2, 1]
2024-12-20 22:32:50,425 - DEBUG - LEFT, DOWN
2024-12-20 22:32:54,045 - DEBUG - Misha's prediction for this state: [316.31027 300.5543  319.0204  296.59964 310.89352 296.47208 308.61172
 298.32623 304.9247  310.26877], max: [2, 1]
2024-12-20 22:32:54,200 - DEBUG - Actions to take: [2, 1]
2024-12-20 22:32:54,429 - DEBUG - LEFT, DOWN
2024-12-20 22:32:57,591 - DEBUG - Misha's prediction for this state: [316.31027 300.5543  319.0204  296.59964 310.89352 296.47208 308.61172
 298.32623 304.9247  310.26877], max: [2, 1]
2024-12-20 22:32:57,695 - DEBUG - Actions to take: [2, 1]
2024-12-20 22:32:57,949 - DEBUG - LEFT, DOWN
2024-12-20 22:33:01,221 - DEBUG - Misha's prediction for this state: [316.31027 300.5543  319.0204  296.59964 310.89352 296.47208 308.61172
 298.32623 304.9247  310.26877], max: [2, 1]
2024-12-20 22:33:01,324 - DEBUG - Actions to take: [2, 1]
2024-12-20 22:33:01,526 - DEBUG - LEFT, DOWN
2024-12-20 22:33:04,740 - DEBUG - Misha's prediction for this state: [316.31027 300.5543  319.0204  296.59964 310.89352 296.47208 308.61172
 298.32623 304.9247  310.26877], max: [2, 1]
2024-12-20 22:33:04,843 - DEBUG - Actions to take: [2, 1]
2024-12-20 22:33:05,082 - DEBUG - LEFT, DOWN
2024-12-20 22:33:08,279 - DEBUG - Misha's prediction for this state: [316.31027 300.5543  319.0204  296.59964 310.89352 296.47208 308.61172
 298.32623 304.9247  310.26877], max: [2, 1]
2024-12-20 22:33:08,384 - DEBUG - Actions to take: [2, 1]
2024-12-20 22:33:08,603 - DEBUG - LEFT, DOWN
2024-12-20 22:33:11,757 - DEBUG - Misha's prediction for this state: [316.31027 300.5543  319.0204  296.59964 310.89352 296.47208 308.61172
 298.32623 304.9247  310.26877], max: [2, 1]
2024-12-20 22:33:11,852 - DEBUG - Actions to take: [2, 1]
2024-12-20 22:33:12,101 - DEBUG - LEFT, DOWN
2024-12-20 22:33:15,327 - DEBUG - Misha's prediction for this state: [316.31027 300.5543  319.0204  296.59964 310.89352 296.47208 308.61172
 298.32623 304.9247  310.26877], max: [2, 1]
2024-12-20 22:33:15,486 - DEBUG - Actions to take: [2, 1]
2024-12-20 22:33:15,783 - DEBUG - LEFT, DOWN
2024-12-20 22:33:19,388 - DEBUG - Misha's prediction for this state: [316.31027 300.5543  319.0204  296.59964 310.89352 296.47208 308.61172
 298.32623 304.9247  310.26877], max: [2, 1]
2024-12-20 22:33:19,498 - DEBUG - Actions to take: [2, 1]
2024-12-20 22:33:19,740 - DEBUG - LEFT, DOWN
2024-12-20 22:33:22,944 - DEBUG - Misha's prediction for this state: [316.31027 300.5543  319.0204  296.59964 310.89352 296.47208 308.61172
 298.32623 304.9247  310.26877], max: [2, 1]
2024-12-20 22:33:23,044 - DEBUG - Actions to take: [2, 1]
2024-12-20 22:33:23,254 - DEBUG - LEFT, DOWN
2024-12-20 22:33:26,407 - DEBUG - Misha's prediction for this state: [316.31027 300.5543  319.0204  296.59964 310.89352 296.47208 308.61172
 298.32623 304.9247  310.26877], max: [2, 1]
2024-12-20 22:33:26,503 - DEBUG - Actions to take: [2, 1]
2024-12-20 22:33:26,715 - DEBUG - LEFT, DOWN
2024-12-20 22:33:29,910 - DEBUG - Misha's prediction for this state: [316.31027 300.5543  319.0204  296.59964 310.89352 296.47208 308.61172
 298.32623 304.9247  310.26877], max: [2, 1]
2024-12-20 22:33:30,019 - DEBUG - Actions to take: [2, 1]
2024-12-20 22:33:30,212 - DEBUG - LEFT, DOWN
2024-12-20 22:33:33,417 - DEBUG - Misha's prediction for this state: [316.31027 300.5543  319.0204  296.59964 310.89352 296.47208 308.61172
 298.32623 304.9247  310.26877], max: [2, 1]
2024-12-20 22:33:33,517 - DEBUG - Actions to take: [2, 1]
2024-12-20 22:33:33,717 - DEBUG - LEFT, DOWN
2024-12-20 22:33:36,896 - DEBUG - Misha's prediction for this state: [316.31027 300.5543  319.0204  296.59964 310.89352 296.47208 308.61172
 298.32623 304.9247  310.26877], max: [2, 1]
2024-12-20 22:33:36,995 - DEBUG - Actions to take: [2, 1]
2024-12-20 22:33:37,204 - DEBUG - LEFT, DOWN
2024-12-20 22:33:40,443 - DEBUG - Misha's prediction for this state: [316.31027 300.5543  319.0204  296.59964 310.89352 296.47208 308.61172
 298.32623 304.9247  310.26877], max: [2, 1]
2024-12-20 22:33:40,558 - DEBUG - Actions to take: [2, 1]
2024-12-20 22:33:40,847 - DEBUG - LEFT, DOWN
2024-12-20 22:33:44,072 - DEBUG - Misha's prediction for this state: [316.31027 300.5543  319.0204  296.59964 310.89352 296.47208 308.61172
 298.32623 304.9247  310.26877], max: [2, 1]
2024-12-20 22:33:44,187 - DEBUG - Actions to take: [2, 1]
2024-12-20 22:33:44,407 - DEBUG - LEFT, DOWN
2024-12-20 22:33:47,579 - DEBUG - Misha's prediction for this state: [316.31027 300.5543  319.0204  296.59964 310.89352 296.47208 308.61172
 298.32623 304.9247  310.26877], max: [2, 1]
2024-12-20 22:33:47,680 - DEBUG - Actions to take: [2, 1]
2024-12-20 22:33:47,882 - DEBUG - LEFT, DOWN
2024-12-20 22:33:51,101 - DEBUG - Misha's prediction for this state: [316.31027 300.5543  319.0204  296.59964 310.89352 296.47208 308.61172
 298.32623 304.9247  310.26877], max: [2, 1]
2024-12-20 22:33:51,231 - DEBUG - Actions to take: [2, 1]
2024-12-20 22:33:51,455 - DEBUG - LEFT, DOWN
2024-12-20 22:33:54,627 - DEBUG - Misha's prediction for this state: [316.31027 300.5543  319.0204  296.59964 310.89352 296.47208 308.61172
 298.32623 304.9247  310.26877], max: [2, 1]
2024-12-20 22:33:54,708 - DEBUG - Actions to take: [2, 1]
2024-12-20 22:33:54,875 - DEBUG - LEFT, DOWN
2024-12-20 22:33:58,217 - DEBUG - Misha's prediction for this state: [316.31027 300.5543  319.0204  296.59964 310.89352 296.47208 308.61172
 298.32623 304.9247  310.26877], max: [2, 1]
2024-12-20 22:33:58,351 - DEBUG - Actions to take: [2, 1]
2024-12-20 22:33:58,585 - DEBUG - LEFT, DOWN
2024-12-20 22:34:01,801 - DEBUG - Misha's prediction for this state: [316.31027 300.5543  319.0204  296.59964 310.89352 296.47208 308.61172
 298.32623 304.9247  310.26877], max: [2, 1]
2024-12-20 22:34:01,908 - DEBUG - Actions to take: [2, 1]
2024-12-20 22:34:02,116 - DEBUG - LEFT, DOWN
2024-12-20 22:34:05,286 - DEBUG - Misha's prediction for this state: [316.31027 300.5543  319.0204  296.59964 310.89352 296.47208 308.61172
 298.32623 304.9247  310.26877], max: [2, 1]
2024-12-20 22:34:05,393 - DEBUG - Actions to take: [2, 1]
2024-12-20 22:34:05,643 - DEBUG - LEFT, DOWN
2024-12-20 22:34:08,812 - DEBUG - Misha's prediction for this state: [316.31027 300.5543  319.0204  296.59964 310.89352 296.47208 308.61172
 298.32623 304.9247  310.26877], max: [2, 1]
2024-12-20 22:34:08,895 - DEBUG - Actions to take: [2, 1]
2024-12-20 22:34:09,088 - DEBUG - LEFT, DOWN
2024-12-20 22:34:12,269 - DEBUG - Misha's prediction for this state: [316.31027 300.5543  319.0204  296.59964 310.89352 296.47208 308.61172
 298.32623 304.9247  310.26877], max: [2, 1]
2024-12-20 22:34:12,364 - DEBUG - Actions to take: [2, 1]
2024-12-20 22:34:12,553 - DEBUG - LEFT, DOWN
2024-12-20 22:34:15,777 - DEBUG - Misha's prediction for this state: [316.31027 300.5543  319.0204  296.59964 310.89352 296.47208 308.61172
 298.32623 304.9247  310.26877], max: [2, 1]
2024-12-20 22:34:15,973 - DEBUG - Actions to take: [2, 1]
2024-12-20 22:34:16,205 - DEBUG - LEFT, DOWN
2024-12-20 22:34:20,389 - DEBUG - Misha's prediction for this state: [316.31027 300.5543  319.0204  296.59964 310.89352 296.47208 308.61172
 298.32623 304.9247  310.26877], max: [2, 1]
2024-12-20 22:34:20,499 - DEBUG - Actions to take: [2, 1]
2024-12-20 22:34:20,708 - DEBUG - LEFT, DOWN
2024-12-20 22:34:23,881 - DEBUG - Misha's prediction for this state: [316.31027 300.5543  319.0204  296.59964 310.89352 296.47208 308.61172
 298.32623 304.9247  310.26877], max: [2, 1]
2024-12-20 22:34:23,982 - DEBUG - Actions to take: [2, 1]
2024-12-20 22:34:24,201 - DEBUG - LEFT, DOWN
2024-12-20 22:34:27,357 - DEBUG - Misha's prediction for this state: [316.31027 300.5543  319.0204  296.59964 310.89352 296.47208 308.61172
 298.32623 304.9247  310.26877], max: [2, 1]
2024-12-20 22:34:27,442 - DEBUG - Actions to take: [2, 1]
2024-12-20 22:34:27,607 - DEBUG - LEFT, DOWN
2024-12-20 22:34:30,843 - DEBUG - Misha's prediction for this state: [316.31027 300.5543  319.0204  296.59964 310.89352 296.47208 308.61172
 298.32623 304.9247  310.26877], max: [2, 1]
2024-12-20 22:34:30,956 - DEBUG - Actions to take: [2, 1]
2024-12-20 22:34:31,172 - DEBUG - LEFT, DOWN
2024-12-20 22:34:34,356 - DEBUG - Misha's prediction for this state: [316.31027 300.5543  319.0204  296.59964 310.89352 296.47208 308.61172
 298.32623 304.9247  310.26877], max: [2, 1]
2024-12-20 22:34:34,459 - DEBUG - Actions to take: [2, 1]
2024-12-20 22:34:34,707 - DEBUG - LEFT, DOWN
2024-12-20 22:34:37,933 - DEBUG - Misha's prediction for this state: [316.31027 300.5543  319.0204  296.59964 310.89352 296.47208 308.61172
 298.32623 304.9247  310.26877], max: [2, 1]
2024-12-20 22:34:38,038 - DEBUG - Actions to take: [2, 1]
2024-12-20 22:34:38,217 - DEBUG - LEFT, DOWN
2024-12-20 22:34:41,360 - DEBUG - Misha's prediction for this state: [316.31027 300.5543  319.0204  296.59964 310.89352 296.47208 308.61172
 298.32623 304.9247  310.26877], max: [2, 1]
2024-12-20 22:34:41,448 - DEBUG - Actions to take: [2, 1]
2024-12-20 22:34:41,613 - DEBUG - LEFT, DOWN
2024-12-20 22:34:44,774 - DEBUG - Misha's prediction for this state: [316.31027 300.5543  319.0204  296.59964 310.89352 296.47208 308.61172
 298.32623 304.9247  310.26877], max: [2, 1]
2024-12-20 22:34:44,865 - DEBUG - Actions to take: [2, 1]
2024-12-20 22:34:45,049 - DEBUG - LEFT, DOWN
2024-12-20 22:34:48,238 - DEBUG - Misha's prediction for this state: [316.31027 300.5543  319.0204  296.59964 310.89352 296.47208 308.61172
 298.32623 304.9247  310.26877], max: [2, 1]
2024-12-20 22:34:48,343 - DEBUG - Actions to take: [2, 1]
2024-12-20 22:34:48,591 - DEBUG - LEFT, DOWN
2024-12-20 22:34:52,213 - DEBUG - Misha's prediction for this state: [316.31027 300.5543  319.0204  296.59964 310.89352 296.47208 308.61172
 298.32623 304.9247  310.26877], max: [2, 1]
2024-12-20 22:34:52,305 - DEBUG - Actions to take: [2, 1]
2024-12-20 22:34:52,491 - DEBUG - LEFT, DOWN
2024-12-20 22:34:55,665 - DEBUG - Misha's prediction for this state: [316.31027 300.5543  319.0204  296.59964 310.89352 296.47208 308.61172
 298.32623 304.9247  310.26877], max: [2, 1]
2024-12-20 22:34:55,760 - DEBUG - Actions to take: [2, 1]
2024-12-20 22:34:55,961 - DEBUG - LEFT, DOWN
2024-12-20 22:34:59,210 - DEBUG - Misha's prediction for this state: [316.31027 300.5543  319.0204  296.59964 310.89352 296.47208 308.61172
 298.32623 304.9247  310.26877], max: [2, 1]
2024-12-20 22:34:59,340 - DEBUG - Actions to take: [2, 1]
2024-12-20 22:34:59,556 - DEBUG - LEFT, DOWN
2024-12-20 22:35:02,758 - DEBUG - Misha's prediction for this state: [316.31027 300.5543  319.0204  296.59964 310.89352 296.47208 308.61172
 298.32623 304.9247  310.26877], max: [2, 1]
2024-12-20 22:35:02,844 - DEBUG - Actions to take: [2, 1]
2024-12-20 22:35:03,056 - DEBUG - LEFT, DOWN
2024-12-20 22:35:06,256 - DEBUG - Misha's prediction for this state: [316.31027 300.5543  319.0204  296.59964 310.89352 296.47208 308.61172
 298.32623 304.9247  310.26877], max: [2, 1]
2024-12-20 22:35:06,368 - DEBUG - Actions to take: [2, 1]
2024-12-20 22:35:06,599 - DEBUG - LEFT, DOWN
2024-12-20 22:35:09,770 - DEBUG - Misha's prediction for this state: [316.31027 300.5543  319.0204  296.59964 310.89352 296.47208 308.61172
 298.32623 304.9247  310.26877], max: [2, 1]
2024-12-20 22:35:09,868 - DEBUG - Actions to take: [2, 1]
2024-12-20 22:35:10,051 - DEBUG - LEFT, DOWN
2024-12-20 22:35:13,222 - DEBUG - Misha's prediction for this state: [316.31027 300.5543  319.0204  296.59964 310.89352 296.47208 308.61172
 298.32623 304.9247  310.26877], max: [2, 1]
2024-12-20 22:35:13,319 - DEBUG - Actions to take: [2, 1]
2024-12-20 22:35:13,521 - DEBUG - LEFT, DOWN
2024-12-20 22:35:16,716 - DEBUG - Misha's prediction for this state: [316.31027 300.5543  319.0204  296.59964 310.89352 296.47208 308.61172
 298.32623 304.9247  310.26877], max: [2, 1]
2024-12-20 22:35:16,819 - DEBUG - Actions to take: [2, 1]
2024-12-20 22:35:17,031 - DEBUG - LEFT, DOWN
2024-12-20 22:35:20,216 - DEBUG - Misha's prediction for this state: [316.31027 300.5543  319.0204  296.59964 310.89352 296.47208 308.61172
 298.32623 304.9247  310.26877], max: [2, 1]
2024-12-20 22:35:20,315 - DEBUG - Actions to take: [2, 1]
2024-12-20 22:35:20,498 - DEBUG - LEFT, DOWN
2024-12-20 22:35:24,661 - DEBUG - Misha's prediction for this state: [316.31027 300.5543  319.0204  296.59964 310.89352 296.47208 308.61172
 298.32623 304.9247  310.26877], max: [2, 1]
2024-12-20 22:35:24,785 - DEBUG - Actions to take: [2, 1]
2024-12-20 22:35:25,060 - DEBUG - LEFT, DOWN
2024-12-20 22:35:29,364 - DEBUG - Misha's prediction for this state: [316.31027 300.5543  319.0204  296.59964 310.89352 296.47208 308.61172
 298.32623 304.9247  310.26877], max: [2, 1]
2024-12-20 22:35:29,471 - DEBUG - Actions to take: [2, 1]
2024-12-20 22:35:29,675 - DEBUG - LEFT, DOWN
2024-12-20 22:35:32,843 - DEBUG - Misha's prediction for this state: [316.31027 300.5543  319.0204  296.59964 310.89352 296.47208 308.61172
 298.32623 304.9247  310.26877], max: [2, 1]
2024-12-20 22:35:32,943 - DEBUG - Actions to take: [2, 1]
2024-12-20 22:35:33,155 - DEBUG - LEFT, DOWN
2024-12-20 22:35:36,357 - DEBUG - Misha's prediction for this state: [316.31027 300.5543  319.0204  296.59964 310.89352 296.47208 308.61172
 298.32623 304.9247  310.26877], max: [2, 1]
2024-12-20 22:35:36,469 - DEBUG - Actions to take: [2, 1]
2024-12-20 22:35:36,649 - DEBUG - LEFT, DOWN
2024-12-20 22:35:39,859 - DEBUG - Misha's prediction for this state: [316.31027 300.5543  319.0204  296.59964 310.89352 296.47208 308.61172
 298.32623 304.9247  310.26877], max: [2, 1]
2024-12-20 22:35:39,947 - DEBUG - Actions to take: [2, 1]
2024-12-20 22:35:40,105 - DEBUG - LEFT, DOWN
2024-12-20 22:35:43,349 - DEBUG - Misha's prediction for this state: [316.31027 300.5543  319.0204  296.59964 310.89352 296.47208 308.61172
 298.32623 304.9247  310.26877], max: [2, 1]
2024-12-20 22:35:43,445 - DEBUG - Actions to take: [2, 1]
2024-12-20 22:35:43,584 - DEBUG - LEFT, DOWN
2024-12-20 22:35:46,756 - DEBUG - Misha's prediction for this state: [316.31027 300.5543  319.0204  296.59964 310.89352 296.47208 308.61172
 298.32623 304.9247  310.26877], max: [2, 1]
2024-12-20 22:35:46,848 - DEBUG - Actions to take: [2, 1]
2024-12-20 22:35:47,050 - DEBUG - LEFT, DOWN
2024-12-20 22:35:50,973 - DEBUG - Misha's prediction for this state: [316.31027 300.5543  319.0204  296.59964 310.89352 296.47208 308.61172
 298.32623 304.9247  310.26877], max: [2, 1]
2024-12-20 22:35:51,064 - DEBUG - Actions to take: [2, 1]
2024-12-20 22:35:51,272 - DEBUG - LEFT, DOWN
2024-12-20 22:35:54,414 - DEBUG - Misha's prediction for this state: [316.31027 300.5543  319.0204  296.59964 310.89352 296.47208 308.61172
 298.32623 304.9247  310.26877], max: [2, 1]
2024-12-20 22:35:54,503 - DEBUG - Actions to take: [2, 1]
2024-12-20 22:35:54,669 - DEBUG - LEFT, DOWN
2024-12-20 22:35:57,960 - DEBUG - Misha's prediction for this state: [316.31027 300.5543  319.0204  296.59964 310.89352 296.47208 308.61172
 298.32623 304.9247  310.26877], max: [2, 1]
2024-12-20 22:35:58,098 - DEBUG - Actions to take: [2, 1]
2024-12-20 22:35:58,321 - DEBUG - LEFT, DOWN
2024-12-20 22:36:01,584 - DEBUG - Misha's prediction for this state: [316.31027 300.5543  319.0204  296.59964 310.89352 296.47208 308.61172
 298.32623 304.9247  310.26877], max: [2, 1]
2024-12-20 22:36:01,705 - DEBUG - Actions to take: [2, 1]
2024-12-20 22:36:01,895 - DEBUG - LEFT, DOWN
2024-12-20 22:36:05,166 - DEBUG - Misha's prediction for this state: [316.31027 300.5543  319.0204  296.59964 310.89352 296.47208 308.61172
 298.32623 304.9247  310.26877], max: [2, 1]
2024-12-20 22:36:05,279 - DEBUG - Actions to take: [2, 1]
2024-12-20 22:36:05,489 - DEBUG - LEFT, DOWN
2024-12-20 22:36:09,240 - DEBUG - Misha's prediction for this state: [316.31027 300.5543  319.0204  296.59964 310.89352 296.47208 308.61172
 298.32623 304.9247  310.26877], max: [2, 1]
2024-12-20 22:36:09,400 - DEBUG - Actions to take: [2, 1]
2024-12-20 22:36:09,654 - DEBUG - LEFT, DOWN
2024-12-20 22:36:12,812 - DEBUG - Misha's prediction for this state: [316.31027 300.5543  319.0204  296.59964 310.89352 296.47208 308.61172
 298.32623 304.9247  310.26877], max: [2, 1]
2024-12-20 22:36:12,895 - DEBUG - Actions to take: [2, 1]
2024-12-20 22:36:13,059 - DEBUG - LEFT, DOWN
2024-12-20 22:36:16,244 - DEBUG - Misha's prediction for this state: [316.31027 300.5543  319.0204  296.59964 310.89352 296.47208 308.61172
 298.32623 304.9247  310.26877], max: [2, 1]
2024-12-20 22:36:16,349 - DEBUG - Actions to take: [2, 1]
2024-12-20 22:36:16,554 - DEBUG - LEFT, DOWN
2024-12-20 22:36:19,745 - DEBUG - Misha's prediction for this state: [316.31027 300.5543  319.0204  296.59964 310.89352 296.47208 308.61172
 298.32623 304.9247  310.26877], max: [2, 1]
2024-12-20 22:36:19,864 - DEBUG - Actions to take: [2, 1]
2024-12-20 22:36:20,074 - DEBUG - LEFT, DOWN
2024-12-20 22:36:23,279 - DEBUG - Misha's prediction for this state: [316.31027 300.5543  319.0204  296.59964 310.89352 296.47208 308.61172
 298.32623 304.9247  310.26877], max: [2, 1]
2024-12-20 22:36:23,373 - DEBUG - Actions to take: [2, 1]
2024-12-20 22:36:23,548 - DEBUG - LEFT, DOWN
2024-12-20 22:36:26,756 - DEBUG - Misha's prediction for this state: [316.31027 300.5543  319.0204  296.59964 310.89352 296.47208 308.61172
 298.32623 304.9247  310.26877], max: [2, 1]
2024-12-20 22:36:26,849 - DEBUG - Actions to take: [2, 1]
2024-12-20 22:36:27,010 - DEBUG - LEFT, DOWN
2024-12-20 22:36:30,179 - DEBUG - Misha's prediction for this state: [316.31027 300.5543  319.0204  296.59964 310.89352 296.47208 308.61172
 298.32623 304.9247  310.26877], max: [2, 1]
2024-12-20 22:36:30,270 - DEBUG - Actions to take: [2, 1]
2024-12-20 22:36:30,489 - DEBUG - LEFT, DOWN
2024-12-20 22:36:33,677 - DEBUG - Misha's prediction for this state: [316.31027 300.5543  319.0204  296.59964 310.89352 296.47208 308.61172
 298.32623 304.9247  310.26877], max: [2, 1]
2024-12-20 22:36:33,762 - DEBUG - Actions to take: [2, 1]
2024-12-20 22:36:33,927 - DEBUG - LEFT, DOWN
2024-12-20 22:36:37,093 - DEBUG - Misha's prediction for this state: [316.31027 300.5543  319.0204  296.59964 310.89352 296.47208 308.61172
 298.32623 304.9247  310.26877], max: [2, 1]
2024-12-20 22:36:37,183 - DEBUG - Actions to take: [2, 1]
2024-12-20 22:36:37,353 - DEBUG - LEFT, DOWN
2024-12-20 22:36:40,524 - DEBUG - Misha's prediction for this state: [316.31027 300.5543  319.0204  296.59964 310.89352 296.47208 308.61172
 298.32623 304.9247  310.26877], max: [2, 1]
2024-12-20 22:36:40,614 - DEBUG - Actions to take: [2, 1]
2024-12-20 22:36:40,780 - DEBUG - LEFT, DOWN
2024-12-20 22:36:43,959 - DEBUG - Misha's prediction for this state: [316.31027 300.5543  319.0204  296.59964 310.89352 296.47208 308.61172
 298.32623 304.9247  310.26877], max: [2, 1]
2024-12-20 22:36:44,044 - DEBUG - Actions to take: [2, 1]
2024-12-20 22:36:44,204 - DEBUG - LEFT, DOWN
2024-12-20 22:36:47,370 - DEBUG - Misha's prediction for this state: [316.31027 300.5543  319.0204  296.59964 310.89352 296.47208 308.61172
 298.32623 304.9247  310.26877], max: [2, 1]
2024-12-20 22:36:47,451 - DEBUG - Actions to take: [2, 1]
2024-12-20 22:36:47,619 - DEBUG - LEFT, DOWN
2024-12-20 22:36:50,773 - DEBUG - Misha's prediction for this state: [316.31027 300.5543  319.0204  296.59964 310.89352 296.47208 308.61172
 298.32623 304.9247  310.26877], max: [2, 1]
2024-12-20 22:36:50,868 - DEBUG - Actions to take: [2, 1]
2024-12-20 22:36:51,069 - DEBUG - LEFT, DOWN
2024-12-20 22:36:54,291 - DEBUG - Misha's prediction for this state: [316.31027 300.5543  319.0204  296.59964 310.89352 296.47208 308.61172
 298.32623 304.9247  310.26877], max: [2, 1]
2024-12-20 22:36:54,415 - DEBUG - Actions to take: [2, 1]
2024-12-20 22:36:54,643 - DEBUG - LEFT, DOWN
2024-12-20 22:36:57,885 - DEBUG - Misha's prediction for this state: [316.31027 300.5543  319.0204  296.59964 310.89352 296.47208 308.61172
 298.32623 304.9247  310.26877], max: [2, 1]
2024-12-20 22:36:58,019 - DEBUG - Actions to take: [2, 1]
2024-12-20 22:36:58,273 - DEBUG - LEFT, DOWN
2024-12-20 22:37:01,497 - DEBUG - Misha's prediction for this state: [316.31027 300.5543  319.0204  296.59964 310.89352 296.47208 308.61172
 298.32623 304.9247  310.26877], max: [2, 1]
2024-12-20 22:37:01,582 - DEBUG - Actions to take: [2, 1]
2024-12-20 22:37:01,759 - DEBUG - LEFT, DOWN
2024-12-20 22:37:04,918 - DEBUG - Misha's prediction for this state: [316.31027 300.5543  319.0204  296.59964 310.89352 296.47208 308.61172
 298.32623 304.9247  310.26877], max: [2, 1]
2024-12-20 22:37:04,970 - DEBUG - Actions to take: [2, 1]
2024-12-20 22:37:05,079 - DEBUG - LEFT, DOWN
2024-12-20 22:37:08,253 - DEBUG - Misha's prediction for this state: [316.31027 300.5543  319.0204  296.59964 310.89352 296.47208 308.61172
 298.32623 304.9247  310.26877], max: [2, 1]
2024-12-20 22:37:08,348 - DEBUG - Actions to take: [2, 1]
2024-12-20 22:37:08,537 - DEBUG - LEFT, DOWN
2024-12-20 22:37:12,539 - DEBUG - Misha's prediction for this state: [316.31027 300.5543  319.0204  296.59964 310.89352 296.47208 308.61172
 298.32623 304.9247  310.26877], max: [2, 1]
2024-12-20 22:37:12,633 - DEBUG - Actions to take: [2, 1]
2024-12-20 22:37:12,863 - DEBUG - LEFT, DOWN
2024-12-20 22:37:16,136 - DEBUG - Misha's prediction for this state: [316.31027 300.5543  319.0204  296.59964 310.89352 296.47208 308.61172
 298.32623 304.9247  310.26877], max: [2, 1]
2024-12-20 22:37:16,256 - DEBUG - Actions to take: [2, 1]
2024-12-20 22:37:16,475 - DEBUG - LEFT, DOWN
2024-12-20 22:37:19,676 - DEBUG - Misha's prediction for this state: [316.31027 300.5543  319.0204  296.59964 310.89352 296.47208 308.61172
 298.32623 304.9247  310.26877], max: [2, 1]
2024-12-20 22:37:19,755 - DEBUG - Actions to take: [2, 1]
2024-12-20 22:37:19,929 - DEBUG - LEFT, DOWN
2024-12-20 22:37:23,155 - DEBUG - Misha's prediction for this state: [316.31027 300.5543  319.0204  296.59964 310.89352 296.47208 308.61172
 298.32623 304.9247  310.26877], max: [2, 1]
2024-12-20 22:37:23,275 - DEBUG - Actions to take: [2, 1]
2024-12-20 22:37:23,561 - DEBUG - LEFT, DOWN
2024-12-20 22:37:26,826 - DEBUG - Misha's prediction for this state: [316.31027 300.5543  319.0204  296.59964 310.89352 296.47208 308.61172
 298.32623 304.9247  310.26877], max: [2, 1]
2024-12-20 22:37:26,917 - DEBUG - Actions to take: [2, 1]
2024-12-20 22:37:27,118 - DEBUG - LEFT, DOWN
2024-12-20 22:37:30,306 - DEBUG - Misha's prediction for this state: [316.31027 300.5543  319.0204  296.59964 310.89352 296.47208 308.61172
 298.32623 304.9247  310.26877], max: [2, 1]
2024-12-20 22:37:30,398 - DEBUG - Actions to take: [2, 1]
2024-12-20 22:37:30,610 - DEBUG - LEFT, DOWN
2024-12-20 22:37:33,778 - DEBUG - Misha's prediction for this state: [316.31027 300.5543  319.0204  296.59964 310.89352 296.47208 308.61172
 298.32623 304.9247  310.26877], max: [2, 1]
2024-12-20 22:37:33,868 - DEBUG - Actions to take: [2, 1]
2024-12-20 22:37:34,040 - DEBUG - LEFT, DOWN
2024-12-20 22:37:37,196 - DEBUG - Misha's prediction for this state: [316.31027 300.5543  319.0204  296.59964 310.89352 296.47208 308.61172
 298.32623 304.9247  310.26877], max: [2, 1]
2024-12-20 22:37:37,293 - DEBUG - Actions to take: [2, 1]
2024-12-20 22:37:37,474 - DEBUG - LEFT, DOWN
2024-12-20 22:37:40,659 - DEBUG - Misha's prediction for this state: [316.31027 300.5543  319.0204  296.59964 310.89352 296.47208 308.61172
 298.32623 304.9247  310.26877], max: [2, 1]
2024-12-20 22:37:40,739 - DEBUG - Actions to take: [2, 1]
2024-12-20 22:37:40,903 - DEBUG - LEFT, DOWN
2024-12-20 22:37:44,130 - DEBUG - Misha's prediction for this state: [316.31027 300.5543  319.0204  296.59964 310.89352 296.47208 308.61172
 298.32623 304.9247  310.26877], max: [2, 1]
2024-12-20 22:37:44,228 - DEBUG - Actions to take: [2, 1]
2024-12-20 22:37:44,432 - DEBUG - LEFT, DOWN
2024-12-20 22:37:47,609 - DEBUG - Misha's prediction for this state: [316.31027 300.5543  319.0204  296.59964 310.89352 296.47208 308.61172
 298.32623 304.9247  310.26877], max: [2, 1]
2024-12-20 22:37:47,696 - DEBUG - Actions to take: [2, 1]
2024-12-20 22:37:47,861 - DEBUG - LEFT, DOWN
2024-12-20 22:37:51,018 - DEBUG - Misha's prediction for this state: [316.31027 300.5543  319.0204  296.59964 310.89352 296.47208 308.61172
 298.32623 304.9247  310.26877], max: [2, 1]
2024-12-20 22:37:51,084 - DEBUG - Actions to take: [2, 1]
2024-12-20 22:37:51,233 - DEBUG - LEFT, DOWN
2024-12-20 22:37:54,407 - DEBUG - Misha's prediction for this state: [316.31027 300.5543  319.0204  296.59964 310.89352 296.47208 308.61172
 298.32623 304.9247  310.26877], max: [2, 1]
2024-12-20 22:37:54,476 - DEBUG - Actions to take: [2, 1]
2024-12-20 22:37:54,616 - DEBUG - LEFT, DOWN
2024-12-20 22:37:57,858 - DEBUG - Misha's prediction for this state: [316.31027 300.5543  319.0204  296.59964 310.89352 296.47208 308.61172
 298.32623 304.9247  310.26877], max: [2, 1]
2024-12-20 22:37:57,962 - DEBUG - Actions to take: [2, 1]
2024-12-20 22:37:58,210 - DEBUG - LEFT, DOWN
2024-12-20 22:38:01,381 - DEBUG - Misha's prediction for this state: [316.31027 300.5543  319.0204  296.59964 310.89352 296.47208 308.61172
 298.32623 304.9247  310.26877], max: [2, 1]
2024-12-20 22:38:01,467 - DEBUG - Actions to take: [2, 1]
2024-12-20 22:38:01,649 - DEBUG - LEFT, DOWN
2024-12-20 22:38:04,837 - DEBUG - Misha's prediction for this state: [316.31027 300.5543  319.0204  296.59964 310.89352 296.47208 308.61172
 298.32623 304.9247  310.26877], max: [2, 1]
2024-12-20 22:38:04,945 - DEBUG - Actions to take: [2, 1]
2024-12-20 22:38:05,161 - DEBUG - LEFT, DOWN
2024-12-20 22:38:08,354 - DEBUG - Misha's prediction for this state: [316.31027 300.5543  319.0204  296.59964 310.89352 296.47208 308.61172
 298.32623 304.9247  310.26877], max: [2, 1]
2024-12-20 22:38:08,459 - DEBUG - Actions to take: [2, 1]
2024-12-20 22:38:08,693 - DEBUG - LEFT, DOWN
2024-12-20 22:38:12,703 - DEBUG - Misha's prediction for this state: [316.31027 300.5543  319.0204  296.59964 310.89352 296.47208 308.61172
 298.32623 304.9247  310.26877], max: [2, 1]
2024-12-20 22:38:12,797 - DEBUG - Actions to take: [2, 1]
2024-12-20 22:38:12,989 - DEBUG - LEFT, DOWN
2024-12-20 22:38:16,134 - DEBUG - Misha's prediction for this state: [316.31027 300.5543  319.0204  296.59964 310.89352 296.47208 308.61172
 298.32623 304.9247  310.26877], max: [2, 1]
2024-12-20 22:38:16,216 - DEBUG - Actions to take: [2, 1]
2024-12-20 22:38:16,389 - DEBUG - LEFT, DOWN
2024-12-20 22:38:19,620 - DEBUG - Misha's prediction for this state: [316.31027 300.5543  319.0204  296.59964 310.89352 296.47208 308.61172
 298.32623 304.9247  310.26877], max: [2, 1]
2024-12-20 22:38:19,728 - DEBUG - Actions to take: [2, 1]
2024-12-20 22:38:19,910 - DEBUG - LEFT, DOWN
2024-12-20 22:38:23,619 - DEBUG - Misha's prediction for this state: [316.31027 300.5543  319.0204  296.59964 310.89352 296.47208 308.61172
 298.32623 304.9247  310.26877], max: [2, 1]
2024-12-20 22:38:23,721 - DEBUG - Actions to take: [2, 1]
2024-12-20 22:38:23,933 - DEBUG - LEFT, DOWN
2024-12-20 22:38:27,122 - DEBUG - Misha's prediction for this state: [316.31027 300.5543  319.0204  296.59964 310.89352 296.47208 308.61172
 298.32623 304.9247  310.26877], max: [2, 1]
2024-12-20 22:38:27,209 - DEBUG - Actions to take: [2, 1]
2024-12-20 22:38:27,441 - DEBUG - LEFT, DOWN
2024-12-20 22:38:30,662 - DEBUG - Misha's prediction for this state: [316.31027 300.5543  319.0204  296.59964 310.89352 296.47208 308.61172
 298.32623 304.9247  310.26877], max: [2, 1]
2024-12-20 22:38:30,757 - DEBUG - Actions to take: [2, 1]
2024-12-20 22:38:30,959 - DEBUG - LEFT, DOWN
2024-12-20 22:38:34,218 - DEBUG - Misha's prediction for this state: [316.31027 300.5543  319.0204  296.59964 310.89352 296.47208 308.61172
 298.32623 304.9247  310.26877], max: [2, 1]
2024-12-20 22:38:34,338 - DEBUG - Actions to take: [2, 1]
2024-12-20 22:38:34,617 - DEBUG - LEFT, DOWN
2024-12-20 22:38:37,812 - DEBUG - Misha's prediction for this state: [316.31027 300.5543  319.0204  296.59964 310.89352 296.47208 308.61172
 298.32623 304.9247  310.26877], max: [2, 1]
2024-12-20 22:38:37,892 - DEBUG - Actions to take: [2, 1]
2024-12-20 22:38:38,058 - DEBUG - LEFT, DOWN
2024-12-20 22:38:41,284 - DEBUG - Misha's prediction for this state: [316.31027 300.5543  319.0204  296.59964 310.89352 296.47208 308.61172
 298.32623 304.9247  310.26877], max: [2, 1]
2024-12-20 22:38:41,368 - DEBUG - Actions to take: [2, 1]
2024-12-20 22:38:41,543 - DEBUG - LEFT, DOWN
2024-12-20 22:38:44,743 - DEBUG - Misha's prediction for this state: [316.31027 300.5543  319.0204  296.59964 310.89352 296.47208 308.61172
 298.32623 304.9247  310.26877], max: [2, 1]
2024-12-20 22:38:44,829 - DEBUG - Actions to take: [2, 1]
2024-12-20 22:38:45,089 - DEBUG - LEFT, DOWN
2024-12-20 22:38:48,303 - DEBUG - Misha's prediction for this state: [316.31027 300.5543  319.0204  296.59964 310.89352 296.47208 308.61172
 298.32623 304.9247  310.26877], max: [2, 1]
2024-12-20 22:38:48,411 - DEBUG - Actions to take: [2, 1]
2024-12-20 22:38:48,589 - DEBUG - LEFT, DOWN
2024-12-20 22:38:52,118 - DEBUG - Misha's prediction for this state: [316.31027 300.5543  319.0204  296.59964 310.89352 296.47208 308.61172
 298.32623 304.9247  310.26877], max: [2, 1]
2024-12-20 22:38:52,290 - DEBUG - Actions to take: [2, 1]
2024-12-20 22:38:52,541 - DEBUG - LEFT, DOWN
2024-12-20 22:38:55,919 - DEBUG - Misha's prediction for this state: [316.31027 300.5543  319.0204  296.59964 310.89352 296.47208 308.61172
 298.32623 304.9247  310.26877], max: [2, 1]
2024-12-20 22:38:56,044 - DEBUG - Actions to take: [2, 1]
2024-12-20 22:38:56,275 - DEBUG - LEFT, DOWN
2024-12-20 22:38:59,643 - DEBUG - Misha's prediction for this state: [316.31027 300.5543  319.0204  296.59964 310.89352 296.47208 308.61172
 298.32623 304.9247  310.26877], max: [2, 1]
2024-12-20 22:38:59,754 - DEBUG - Actions to take: [2, 1]
2024-12-20 22:38:59,972 - DEBUG - LEFT, DOWN
2024-12-20 22:39:03,243 - DEBUG - Misha's prediction for this state: [316.31027 300.5543  319.0204  296.59964 310.89352 296.47208 308.61172
 298.32623 304.9247  310.26877], max: [2, 1]
2024-12-20 22:39:03,344 - DEBUG - Actions to take: [2, 1]
2024-12-20 22:39:03,533 - DEBUG - LEFT, DOWN
2024-12-20 22:39:07,196 - DEBUG - Misha's prediction for this state: [316.31027 300.5543  319.0204  296.59964 310.89352 296.47208 308.61172
 298.32623 304.9247  310.26877], max: [2, 1]
2024-12-20 22:39:07,327 - DEBUG - Actions to take: [2, 1]
2024-12-20 22:39:07,587 - DEBUG - LEFT, DOWN
2024-12-20 22:39:10,868 - DEBUG - Misha's prediction for this state: [316.31027 300.5543  319.0204  296.59964 310.89352 296.47208 308.61172
 298.32623 304.9247  310.26877], max: [2, 1]
2024-12-20 22:39:10,974 - DEBUG - Actions to take: [2, 1]
2024-12-20 22:39:11,168 - DEBUG - LEFT, DOWN
2024-12-20 22:39:14,424 - DEBUG - Misha's prediction for this state: [316.31027 300.5543  319.0204  296.59964 310.89352 296.47208 308.61172
 298.32623 304.9247  310.26877], max: [2, 1]
2024-12-20 22:39:14,528 - DEBUG - Actions to take: [2, 1]
2024-12-20 22:39:14,728 - DEBUG - LEFT, DOWN
2024-12-20 22:39:17,925 - DEBUG - Misha's prediction for this state: [316.31027 300.5543  319.0204  296.59964 310.89352 296.47208 308.61172
 298.32623 304.9247  310.26877], max: [2, 1]
2024-12-20 22:39:18,043 - DEBUG - Actions to take: [2, 1]
2024-12-20 22:39:18,226 - DEBUG - LEFT, DOWN
2024-12-20 22:39:21,406 - DEBUG - Misha's prediction for this state: [316.31027 300.5543  319.0204  296.59964 310.89352 296.47208 308.61172
 298.32623 304.9247  310.26877], max: [2, 1]
2024-12-20 22:39:21,502 - DEBUG - Actions to take: [2, 1]
2024-12-20 22:39:21,680 - DEBUG - LEFT, DOWN
2024-12-20 22:39:24,907 - DEBUG - Misha's prediction for this state: [316.31027 300.5543  319.0204  296.59964 310.89352 296.47208 308.61172
 298.32623 304.9247  310.26877], max: [2, 1]
2024-12-20 22:39:25,012 - DEBUG - Actions to take: [2, 1]
2024-12-20 22:39:25,193 - DEBUG - LEFT, DOWN
2024-12-20 22:39:28,360 - DEBUG - Misha's prediction for this state: [316.31027 300.5543  319.0204  296.59964 310.89352 296.47208 308.61172
 298.32623 304.9247  310.26877], max: [2, 1]
2024-12-20 22:39:28,461 - DEBUG - Actions to take: [2, 1]
2024-12-20 22:39:28,673 - DEBUG - LEFT, DOWN
2024-12-20 22:39:31,888 - DEBUG - Misha's prediction for this state: [316.31027 300.5543  319.0204  296.59964 310.89352 296.47208 308.61172
 298.32623 304.9247  310.26877], max: [2, 1]
2024-12-20 22:39:32,000 - DEBUG - Actions to take: [2, 1]
2024-12-20 22:39:32,222 - DEBUG - LEFT, DOWN
2024-12-20 22:39:35,538 - DEBUG - Misha's prediction for this state: [316.31027 300.5543  319.0204  296.59964 310.89352 296.47208 308.61172
 298.32623 304.9247  310.26877], max: [2, 1]
2024-12-20 22:39:35,652 - DEBUG - Actions to take: [2, 1]
2024-12-20 22:39:35,877 - DEBUG - LEFT, DOWN
2024-12-20 22:39:39,091 - DEBUG - Misha's prediction for this state: [316.31027 300.5543  319.0204  296.59964 310.89352 296.47208 308.61172
 298.32623 304.9247  310.26877], max: [2, 1]
2024-12-20 22:39:39,211 - DEBUG - Actions to take: [2, 1]
2024-12-20 22:39:39,408 - DEBUG - LEFT, DOWN
2024-12-20 22:39:42,607 - DEBUG - Misha's prediction for this state: [316.31027 300.5543  319.0204  296.59964 310.89352 296.47208 308.61172
 298.32623 304.9247  310.26877], max: [2, 1]
2024-12-20 22:39:42,721 - DEBUG - Actions to take: [2, 1]
2024-12-20 22:39:42,924 - DEBUG - LEFT, DOWN
2024-12-20 22:39:46,129 - DEBUG - Misha's prediction for this state: [316.31027 300.5543  319.0204  296.59964 310.89352 296.47208 308.61172
 298.32623 304.9247  310.26877], max: [2, 1]
2024-12-20 22:39:46,230 - DEBUG - Actions to take: [2, 1]
2024-12-20 22:39:46,440 - DEBUG - LEFT, DOWN
2024-12-20 22:39:49,646 - DEBUG - Misha's prediction for this state: [316.31027 300.5543  319.0204  296.59964 310.89352 296.47208 308.61172
 298.32623 304.9247  310.26877], max: [2, 1]
2024-12-20 22:39:49,746 - DEBUG - Actions to take: [2, 1]
2024-12-20 22:39:49,929 - DEBUG - LEFT, DOWN
2024-12-20 22:39:53,091 - DEBUG - Misha's prediction for this state: [316.31027 300.5543  319.0204  296.59964 310.89352 296.47208 308.61172
 298.32623 304.9247  310.26877], max: [2, 1]
2024-12-20 22:39:53,182 - DEBUG - Actions to take: [2, 1]
2024-12-20 22:39:53,369 - DEBUG - LEFT, DOWN
2024-12-20 22:39:56,586 - DEBUG - Misha's prediction for this state: [316.31027 300.5543  319.0204  296.59964 310.89352 296.47208 308.61172
 298.32623 304.9247  310.26877], max: [2, 1]
2024-12-20 22:39:56,689 - DEBUG - Actions to take: [2, 1]
2024-12-20 22:39:56,921 - DEBUG - LEFT, DOWN
2024-12-20 22:40:00,174 - DEBUG - Misha's prediction for this state: [316.31027 300.5543  319.0204  296.59964 310.89352 296.47208 308.61172
 298.32623 304.9247  310.26877], max: [2, 1]
2024-12-20 22:40:00,269 - DEBUG - Actions to take: [2, 1]
2024-12-20 22:40:00,454 - DEBUG - LEFT, DOWN
2024-12-20 22:40:03,650 - DEBUG - Misha's prediction for this state: [316.31027 300.5543  319.0204  296.59964 310.89352 296.47208 308.61172
 298.32623 304.9247  310.26877], max: [2, 1]
2024-12-20 22:40:03,752 - DEBUG - Actions to take: [2, 1]
2024-12-20 22:40:03,939 - DEBUG - LEFT, DOWN
2024-12-20 22:40:07,138 - DEBUG - Misha's prediction for this state: [316.31027 300.5543  319.0204  296.59964 310.89352 296.47208 308.61172
 298.32623 304.9247  310.26877], max: [2, 1]
2024-12-20 22:40:07,279 - DEBUG - Actions to take: [2, 1]
2024-12-20 22:40:07,515 - DEBUG - LEFT, DOWN
2024-12-20 22:40:10,732 - DEBUG - Misha's prediction for this state: [316.31027 300.5543  319.0204  296.59964 310.89352 296.47208 308.61172
 298.32623 304.9247  310.26877], max: [2, 1]
2024-12-20 22:40:10,834 - DEBUG - Actions to take: [2, 1]
2024-12-20 22:40:11,059 - DEBUG - LEFT, DOWN
2024-12-20 22:40:14,280 - DEBUG - Misha's prediction for this state: [316.31027 300.5543  319.0204  296.59964 310.89352 296.47208 308.61172
 298.32623 304.9247  310.26877], max: [2, 1]
2024-12-20 22:40:14,400 - DEBUG - Actions to take: [2, 1]
2024-12-20 22:40:14,613 - DEBUG - LEFT, DOWN
2024-12-20 22:40:17,782 - DEBUG - Misha's prediction for this state: [316.31027 300.5543  319.0204  296.59964 310.89352 296.47208 308.61172
 298.32623 304.9247  310.26877], max: [2, 1]
2024-12-20 22:40:17,901 - DEBUG - Actions to take: [2, 1]
2024-12-20 22:40:18,098 - DEBUG - LEFT, DOWN
2024-12-20 22:40:21,299 - DEBUG - Misha's prediction for this state: [316.31027 300.5543  319.0204  296.59964 310.89352 296.47208 308.61172
 298.32623 304.9247  310.26877], max: [2, 1]
2024-12-20 22:40:21,388 - DEBUG - Actions to take: [2, 1]
2024-12-20 22:40:21,585 - DEBUG - LEFT, DOWN
2024-12-20 22:40:24,775 - DEBUG - Misha's prediction for this state: [316.31027 300.5543  319.0204  296.59964 310.89352 296.47208 308.61172
 298.32623 304.9247  310.26877], max: [2, 1]
2024-12-20 22:40:24,869 - DEBUG - Actions to take: [2, 1]
2024-12-20 22:40:25,075 - DEBUG - LEFT, DOWN
2024-12-20 22:40:28,329 - DEBUG - Misha's prediction for this state: [316.31027 300.5543  319.0204  296.59964 310.89352 296.47208 308.61172
 298.32623 304.9247  310.26877], max: [2, 1]
2024-12-20 22:40:28,461 - DEBUG - Actions to take: [2, 1]
2024-12-20 22:40:28,674 - DEBUG - LEFT, DOWN
2024-12-20 22:40:31,858 - DEBUG - Misha's prediction for this state: [316.31027 300.5543  319.0204  296.59964 310.89352 296.47208 308.61172
 298.32623 304.9247  310.26877], max: [2, 1]
2024-12-20 22:40:31,956 - DEBUG - Actions to take: [2, 1]
2024-12-20 22:40:32,180 - DEBUG - LEFT, DOWN
2024-12-20 22:40:36,592 - DEBUG - Misha's prediction for this state: [316.31027 300.5543  319.0204  296.59964 310.89352 296.47208 308.61172
 298.32623 304.9247  310.26877], max: [2, 1]
2024-12-20 22:40:36,690 - DEBUG - Actions to take: [2, 1]
2024-12-20 22:40:36,881 - DEBUG - LEFT, DOWN
2024-12-20 22:40:40,091 - DEBUG - Misha's prediction for this state: [316.31027 300.5543  319.0204  296.59964 310.89352 296.47208 308.61172
 298.32623 304.9247  310.26877], max: [2, 1]
2024-12-20 22:40:40,185 - DEBUG - Actions to take: [2, 1]
2024-12-20 22:40:40,386 - DEBUG - LEFT, DOWN
2024-12-20 22:40:44,215 - DEBUG - Misha's prediction for this state: [316.31027 300.5543  319.0204  296.59964 310.89352 296.47208 308.61172
 298.32623 304.9247  310.26877], max: [2, 1]
2024-12-20 22:40:44,330 - DEBUG - Actions to take: [2, 1]
2024-12-20 22:40:44,577 - DEBUG - LEFT, DOWN
2024-12-20 22:40:47,767 - DEBUG - Misha's prediction for this state: [316.31027 300.5543  319.0204  296.59964 310.89352 296.47208 308.61172
 298.32623 304.9247  310.26877], max: [2, 1]
2024-12-20 22:40:47,905 - DEBUG - Actions to take: [2, 1]
2024-12-20 22:40:48,123 - DEBUG - LEFT, DOWN
2024-12-20 22:40:51,300 - DEBUG - Misha's prediction for this state: [316.31027 300.5543  319.0204  296.59964 310.89352 296.47208 308.61172
 298.32623 304.9247  310.26877], max: [2, 1]
2024-12-20 22:40:51,390 - DEBUG - Actions to take: [2, 1]
2024-12-20 22:40:51,566 - DEBUG - LEFT, DOWN
2024-12-20 22:40:54,749 - DEBUG - Misha's prediction for this state: [316.31027 300.5543  319.0204  296.59964 310.89352 296.47208 308.61172
 298.32623 304.9247  310.26877], max: [2, 1]
2024-12-20 22:40:54,845 - DEBUG - Actions to take: [2, 1]
2024-12-20 22:40:55,040 - DEBUG - LEFT, DOWN
2024-12-20 22:40:58,348 - DEBUG - Misha's prediction for this state: [316.31027 300.5543  319.0204  296.59964 310.89352 296.47208 308.61172
 298.32623 304.9247  310.26877], max: [2, 1]
2024-12-20 22:40:58,452 - DEBUG - Actions to take: [2, 1]
2024-12-20 22:40:58,649 - DEBUG - LEFT, DOWN
2024-12-20 22:41:01,819 - DEBUG - Misha's prediction for this state: [316.31027 300.5543  319.0204  296.59964 310.89352 296.47208 308.61172
 298.32623 304.9247  310.26877], max: [2, 1]
2024-12-20 22:41:01,902 - DEBUG - Actions to take: [2, 1]
2024-12-20 22:41:02,067 - DEBUG - LEFT, DOWN
2024-12-20 22:41:05,249 - DEBUG - Misha's prediction for this state: [316.31027 300.5543  319.0204  296.59964 310.89352 296.47208 308.61172
 298.32623 304.9247  310.26877], max: [2, 1]
2024-12-20 22:41:05,330 - DEBUG - Actions to take: [2, 1]
2024-12-20 22:41:05,498 - DEBUG - LEFT, DOWN
2024-12-20 22:41:08,658 - DEBUG - Misha's prediction for this state: [316.31027 300.5543  319.0204  296.59964 310.89352 296.47208 308.61172
 298.32623 304.9247  310.26877], max: [2, 1]
2024-12-20 22:41:08,752 - DEBUG - Actions to take: [2, 1]
2024-12-20 22:41:08,975 - DEBUG - LEFT, DOWN
2024-12-20 22:41:12,163 - DEBUG - Misha's prediction for this state: [316.31027 300.5543  319.0204  296.59964 310.89352 296.47208 308.61172
 298.32623 304.9247  310.26877], max: [2, 1]
2024-12-20 22:41:12,253 - DEBUG - Actions to take: [2, 1]
2024-12-20 22:41:12,459 - DEBUG - LEFT, DOWN
2024-12-20 22:41:15,677 - DEBUG - Misha's prediction for this state: [316.31027 300.5543  319.0204  296.59964 310.89352 296.47208 308.61172
 298.32623 304.9247  310.26877], max: [2, 1]
2024-12-20 22:41:15,788 - DEBUG - Actions to take: [2, 1]
2024-12-20 22:41:16,022 - DEBUG - LEFT, DOWN
2024-12-20 22:41:19,894 - DEBUG - Misha's prediction for this state: [316.31027 300.5543  319.0204  296.59964 310.89352 296.47208 308.61172
 298.32623 304.9247  310.26877], max: [2, 1]
2024-12-20 22:41:20,004 - DEBUG - Actions to take: [2, 1]
2024-12-20 22:41:20,230 - DEBUG - LEFT, DOWN
2024-12-20 22:41:23,448 - DEBUG - Misha's prediction for this state: [316.31027 300.5543  319.0204  296.59964 310.89352 296.47208 308.61172
 298.32623 304.9247  310.26877], max: [2, 1]
2024-12-20 22:41:23,557 - DEBUG - Actions to take: [2, 1]
2024-12-20 22:41:23,775 - DEBUG - LEFT, DOWN
2024-12-20 22:41:28,065 - DEBUG - Misha's prediction for this state: [316.31027 300.5543  319.0204  296.59964 310.89352 296.47208 308.61172
 298.32623 304.9247  310.26877], max: [2, 1]
2024-12-20 22:41:28,169 - DEBUG - Actions to take: [2, 1]
2024-12-20 22:41:28,398 - DEBUG - LEFT, DOWN
2024-12-20 22:41:31,645 - DEBUG - Misha's prediction for this state: [316.31027 300.5543  319.0204  296.59964 310.89352 296.47208 308.61172
 298.32623 304.9247  310.26877], max: [2, 1]
2024-12-20 22:41:31,751 - DEBUG - Actions to take: [2, 1]
2024-12-20 22:41:31,939 - DEBUG - LEFT, DOWN
2024-12-20 22:41:35,087 - DEBUG - Misha's prediction for this state: [316.31027 300.5543  319.0204  296.59964 310.89352 296.47208 308.61172
 298.32623 304.9247  310.26877], max: [2, 1]
2024-12-20 22:41:35,165 - DEBUG - Actions to take: [2, 1]
2024-12-20 22:41:35,366 - DEBUG - LEFT, DOWN
2024-12-20 22:41:38,604 - DEBUG - Misha's prediction for this state: [316.31027 300.5543  319.0204  296.59964 310.89352 296.47208 308.61172
 298.32623 304.9247  310.26877], max: [2, 1]
2024-12-20 22:41:38,699 - DEBUG - Actions to take: [2, 1]
2024-12-20 22:41:38,900 - DEBUG - LEFT, DOWN
2024-12-20 22:41:42,122 - DEBUG - Misha's prediction for this state: [316.31027 300.5543  319.0204  296.59964 310.89352 296.47208 308.61172
 298.32623 304.9247  310.26877], max: [2, 1]
2024-12-20 22:41:42,216 - DEBUG - Actions to take: [2, 1]
2024-12-20 22:41:42,413 - DEBUG - LEFT, DOWN
2024-12-20 22:41:46,204 - DEBUG - Misha's prediction for this state: [316.31027 300.5543  319.0204  296.59964 310.89352 296.47208 308.61172
 298.32623 304.9247  310.26877], max: [2, 1]
2024-12-20 22:41:46,372 - DEBUG - Actions to take: [2, 1]
2024-12-20 22:41:46,649 - DEBUG - LEFT, DOWN
2024-12-20 22:41:49,922 - DEBUG - Misha's prediction for this state: [316.31027 300.5543  319.0204  296.59964 310.89352 296.47208 308.61172
 298.32623 304.9247  310.26877], max: [2, 1]
2024-12-20 22:41:50,061 - DEBUG - Actions to take: [2, 1]
2024-12-20 22:41:50,297 - DEBUG - LEFT, DOWN
2024-12-20 22:41:53,492 - DEBUG - Misha's prediction for this state: [316.31027 300.5543  319.0204  296.59964 310.89352 296.47208 308.61172
 298.32623 304.9247  310.26877], max: [2, 1]
2024-12-20 22:41:53,594 - DEBUG - Actions to take: [2, 1]
2024-12-20 22:41:53,829 - DEBUG - LEFT, DOWN
2024-12-20 22:41:57,088 - DEBUG - Misha's prediction for this state: [316.31027 300.5543  319.0204  296.59964 310.89352 296.47208 308.61172
 298.32623 304.9247  310.26877], max: [2, 1]
2024-12-20 22:41:57,213 - DEBUG - Actions to take: [2, 1]
2024-12-20 22:41:57,436 - DEBUG - LEFT, DOWN
2024-12-20 22:42:00,744 - DEBUG - Misha's prediction for this state: [316.31027 300.5543  319.0204  296.59964 310.89352 296.47208 308.61172
 298.32623 304.9247  310.26877], max: [2, 1]
2024-12-20 22:42:00,833 - DEBUG - Actions to take: [2, 1]
2024-12-20 22:42:01,017 - DEBUG - LEFT, DOWN
2024-12-20 22:42:04,212 - DEBUG - Misha's prediction for this state: [316.31027 300.5543  319.0204  296.59964 310.89352 296.47208 308.61172
 298.32623 304.9247  310.26877], max: [2, 1]
2024-12-20 22:42:04,317 - DEBUG - Actions to take: [2, 1]
2024-12-20 22:42:04,512 - DEBUG - LEFT, DOWN
2024-12-20 22:42:07,706 - DEBUG - Misha's prediction for this state: [316.31027 300.5543  319.0204  296.59964 310.89352 296.47208 308.61172
 298.32623 304.9247  310.26877], max: [2, 1]
2024-12-20 22:42:07,799 - DEBUG - Actions to take: [2, 1]
2024-12-20 22:42:07,977 - DEBUG - LEFT, DOWN
2024-12-20 22:42:11,202 - DEBUG - Misha's prediction for this state: [316.31027 300.5543  319.0204  296.59964 310.89352 296.47208 308.61172
 298.32623 304.9247  310.26877], max: [2, 1]
2024-12-20 22:42:11,292 - DEBUG - Actions to take: [2, 1]
2024-12-20 22:42:11,501 - DEBUG - LEFT, DOWN
2024-12-20 22:42:14,703 - DEBUG - Misha's prediction for this state: [316.31027 300.5543  319.0204  296.59964 310.89352 296.47208 308.61172
 298.32623 304.9247  310.26877], max: [2, 1]
2024-12-20 22:42:14,792 - DEBUG - Actions to take: [2, 1]
2024-12-20 22:42:14,977 - DEBUG - LEFT, DOWN
2024-12-20 22:42:18,186 - DEBUG - Misha's prediction for this state: [316.31027 300.5543  319.0204  296.59964 310.89352 296.47208 308.61172
 298.32623 304.9247  310.26877], max: [2, 1]
2024-12-20 22:42:18,297 - DEBUG - Actions to take: [2, 1]
2024-12-20 22:42:18,503 - DEBUG - LEFT, DOWN
2024-12-20 22:42:21,716 - DEBUG - Misha's prediction for this state: [316.31027 300.5543  319.0204  296.59964 310.89352 296.47208 308.61172
 298.32623 304.9247  310.26877], max: [2, 1]
2024-12-20 22:42:21,812 - DEBUG - Actions to take: [2, 1]
2024-12-20 22:42:22,041 - DEBUG - LEFT, DOWN
2024-12-20 22:42:25,216 - DEBUG - Misha's prediction for this state: [316.31027 300.5543  319.0204  296.59964 310.89352 296.47208 308.61172
 298.32623 304.9247  310.26877], max: [2, 1]
2024-12-20 22:42:25,339 - DEBUG - Actions to take: [2, 1]
2024-12-20 22:42:25,572 - DEBUG - LEFT, DOWN
2024-12-20 22:42:28,777 - DEBUG - Misha's prediction for this state: [316.31027 300.5543  319.0204  296.59964 310.89352 296.47208 308.61172
 298.32623 304.9247  310.26877], max: [2, 1]
2024-12-20 22:42:28,867 - DEBUG - Actions to take: [2, 1]
2024-12-20 22:42:29,090 - DEBUG - LEFT, DOWN
2024-12-20 22:42:32,290 - DEBUG - Misha's prediction for this state: [316.31027 300.5543  319.0204  296.59964 310.89352 296.47208 308.61172
 298.32623 304.9247  310.26877], max: [2, 1]
2024-12-20 22:42:32,392 - DEBUG - Actions to take: [2, 1]
2024-12-20 22:42:32,586 - DEBUG - LEFT, DOWN
2024-12-20 22:42:35,801 - DEBUG - Misha's prediction for this state: [316.31027 300.5543  319.0204  296.59964 310.89352 296.47208 308.61172
 298.32623 304.9247  310.26877], max: [2, 1]
2024-12-20 22:42:35,907 - DEBUG - Actions to take: [2, 1]
2024-12-20 22:42:36,092 - DEBUG - LEFT, DOWN
2024-12-20 22:42:39,262 - DEBUG - Misha's prediction for this state: [316.31027 300.5543  319.0204  296.59964 310.89352 296.47208 308.61172
 298.32623 304.9247  310.26877], max: [2, 1]
2024-12-20 22:42:39,342 - DEBUG - Actions to take: [2, 1]
2024-12-20 22:42:39,503 - DEBUG - LEFT, DOWN
2024-12-20 22:42:42,733 - DEBUG - Misha's prediction for this state: [316.31027 300.5543  319.0204  296.59964 310.89352 296.47208 308.61172
 298.32623 304.9247  310.26877], max: [2, 1]
2024-12-20 22:42:42,833 - DEBUG - Actions to take: [2, 1]
2024-12-20 22:42:43,012 - DEBUG - LEFT, DOWN
2024-12-20 22:42:46,309 - DEBUG - Misha's prediction for this state: [316.31027 300.5543  319.0204  296.59964 310.89352 296.47208 308.61172
 298.32623 304.9247  310.26877], max: [2, 1]
2024-12-20 22:42:46,425 - DEBUG - Actions to take: [2, 1]
2024-12-20 22:42:46,622 - DEBUG - LEFT, DOWN
2024-12-20 22:42:49,942 - DEBUG - Misha's prediction for this state: [316.31027 300.5543  319.0204  296.59964 310.89352 296.47208 308.61172
 298.32623 304.9247  310.26877], max: [2, 1]
2024-12-20 22:42:50,066 - DEBUG - Actions to take: [2, 1]
2024-12-20 22:42:50,276 - DEBUG - LEFT, DOWN
2024-12-20 22:42:53,505 - DEBUG - Misha's prediction for this state: [316.31027 300.5543  319.0204  296.59964 310.89352 296.47208 308.61172
 298.32623 304.9247  310.26877], max: [2, 1]
2024-12-20 22:42:53,614 - DEBUG - Actions to take: [2, 1]
2024-12-20 22:42:53,820 - DEBUG - LEFT, DOWN
2024-12-20 22:42:57,064 - DEBUG - Misha's prediction for this state: [316.31027 300.5543  319.0204  296.59964 310.89352 296.47208 308.61172
 298.32623 304.9247  310.26877], max: [2, 1]
2024-12-20 22:42:57,201 - DEBUG - Actions to take: [2, 1]
2024-12-20 22:42:57,440 - DEBUG - LEFT, DOWN
2024-12-20 22:43:00,790 - DEBUG - Misha's prediction for this state: [316.31027 300.5543  319.0204  296.59964 310.89352 296.47208 308.61172
 298.32623 304.9247  310.26877], max: [2, 1]
2024-12-20 22:43:00,896 - DEBUG - Actions to take: [2, 1]
2024-12-20 22:43:01,089 - DEBUG - LEFT, DOWN
2024-12-20 22:43:04,319 - DEBUG - Misha's prediction for this state: [316.31027 300.5543  319.0204  296.59964 310.89352 296.47208 308.61172
 298.32623 304.9247  310.26877], max: [2, 1]
2024-12-20 22:43:04,436 - DEBUG - Actions to take: [2, 1]
2024-12-20 22:43:04,642 - DEBUG - LEFT, DOWN
2024-12-20 22:43:07,837 - DEBUG - Misha's prediction for this state: [316.31027 300.5543  319.0204  296.59964 310.89352 296.47208 308.61172
 298.32623 304.9247  310.26877], max: [2, 1]
2024-12-20 22:43:07,929 - DEBUG - Actions to take: [2, 1]
2024-12-20 22:43:08,123 - DEBUG - LEFT, DOWN
2024-12-20 22:43:11,345 - DEBUG - Misha's prediction for this state: [316.31027 300.5543  319.0204  296.59964 310.89352 296.47208 308.61172
 298.32623 304.9247  310.26877], max: [2, 1]
2024-12-20 22:43:11,457 - DEBUG - Actions to take: [2, 1]
2024-12-20 22:43:11,670 - DEBUG - LEFT, DOWN
2024-12-20 22:43:14,880 - DEBUG - Misha's prediction for this state: [316.31027 300.5543  319.0204  296.59964 310.89352 296.47208 308.61172
 298.32623 304.9247  310.26877], max: [2, 1]
2024-12-20 22:43:14,997 - DEBUG - Actions to take: [2, 1]
2024-12-20 22:43:15,194 - DEBUG - LEFT, DOWN
2024-12-20 22:43:18,466 - DEBUG - Misha's prediction for this state: [316.31027 300.5543  319.0204  296.59964 310.89352 296.47208 308.61172
 298.32623 304.9247  310.26877], max: [2, 1]
2024-12-20 22:43:18,561 - DEBUG - Actions to take: [2, 1]
2024-12-20 22:43:18,798 - DEBUG - LEFT, DOWN
2024-12-20 22:43:21,980 - DEBUG - Misha's prediction for this state: [316.31027 300.5543  319.0204  296.59964 310.89352 296.47208 308.61172
 298.32623 304.9247  310.26877], max: [2, 1]
2024-12-20 22:43:22,077 - DEBUG - Actions to take: [2, 1]
2024-12-20 22:43:22,266 - DEBUG - LEFT, DOWN
2024-12-20 22:43:25,482 - DEBUG - Misha's prediction for this state: [316.31027 300.5543  319.0204  296.59964 310.89352 296.47208 308.61172
 298.32623 304.9247  310.26877], max: [2, 1]
2024-12-20 22:43:25,573 - DEBUG - Actions to take: [2, 1]
2024-12-20 22:43:25,744 - DEBUG - LEFT, DOWN
2024-12-20 22:43:28,917 - DEBUG - Misha's prediction for this state: [316.31027 300.5543  319.0204  296.59964 310.89352 296.47208 308.61172
 298.32623 304.9247  310.26877], max: [2, 1]
2024-12-20 22:43:29,014 - DEBUG - Actions to take: [2, 1]
2024-12-20 22:43:29,196 - DEBUG - LEFT, DOWN
2024-12-20 22:43:32,440 - DEBUG - Misha's prediction for this state: [316.31027 300.5543  319.0204  296.59964 310.89352 296.47208 308.61172
 298.32623 304.9247  310.26877], max: [2, 1]
2024-12-20 22:43:32,523 - DEBUG - Actions to take: [2, 1]
2024-12-20 22:43:32,683 - DEBUG - LEFT, DOWN
2024-12-20 22:43:35,902 - DEBUG - Misha's prediction for this state: [316.31027 300.5543  319.0204  296.59964 310.89352 296.47208 308.61172
 298.32623 304.9247  310.26877], max: [2, 1]
2024-12-20 22:43:36,012 - DEBUG - Actions to take: [2, 1]
2024-12-20 22:43:36,246 - DEBUG - LEFT, DOWN
2024-12-20 22:43:39,580 - DEBUG - Misha's prediction for this state: [316.31027 300.5543  319.0204  296.59964 310.89352 296.47208 308.61172
 298.32623 304.9247  310.26877], max: [2, 1]
2024-12-20 22:43:39,711 - DEBUG - Actions to take: [2, 1]
2024-12-20 22:43:39,953 - DEBUG - LEFT, DOWN
2024-12-20 22:43:43,252 - DEBUG - Misha's prediction for this state: [316.31027 300.5543  319.0204  296.59964 310.89352 296.47208 308.61172
 298.32623 304.9247  310.26877], max: [2, 1]
2024-12-20 22:43:43,360 - DEBUG - Actions to take: [2, 1]
2024-12-20 22:43:43,605 - DEBUG - LEFT, DOWN
2024-12-20 22:43:46,815 - DEBUG - Misha's prediction for this state: [316.31027 300.5543  319.0204  296.59964 310.89352 296.47208 308.61172
 298.32623 304.9247  310.26877], max: [2, 1]
2024-12-20 22:43:46,944 - DEBUG - Actions to take: [2, 1]
2024-12-20 22:43:47,138 - DEBUG - LEFT, DOWN
2024-12-20 22:43:50,330 - DEBUG - Misha's prediction for this state: [316.31027 300.5543  319.0204  296.59964 310.89352 296.47208 308.61172
 298.32623 304.9247  310.26877], max: [2, 1]
2024-12-20 22:43:50,410 - DEBUG - Actions to take: [2, 1]
2024-12-20 22:43:50,586 - DEBUG - LEFT, DOWN
2024-12-20 22:43:53,808 - DEBUG - Misha's prediction for this state: [316.31027 300.5543  319.0204  296.59964 310.89352 296.47208 308.61172
 298.32623 304.9247  310.26877], max: [2, 1]
2024-12-20 22:43:53,905 - DEBUG - Actions to take: [2, 1]
2024-12-20 22:43:54,090 - DEBUG - LEFT, DOWN
2024-12-20 22:43:57,283 - DEBUG - Misha's prediction for this state: [316.31027 300.5543  319.0204  296.59964 310.89352 296.47208 308.61172
 298.32623 304.9247  310.26877], max: [2, 1]
2024-12-20 22:43:57,377 - DEBUG - Actions to take: [2, 1]
2024-12-20 22:43:57,557 - DEBUG - LEFT, DOWN
2024-12-20 22:44:00,802 - DEBUG - Misha's prediction for this state: [316.31027 300.5543  319.0204  296.59964 310.89352 296.47208 308.61172
 298.32623 304.9247  310.26877], max: [2, 1]
2024-12-20 22:44:00,893 - DEBUG - Actions to take: [2, 1]
2024-12-20 22:44:01,091 - DEBUG - LEFT, DOWN
2024-12-20 22:44:04,347 - DEBUG - Misha's prediction for this state: [316.31027 300.5543  319.0204  296.59964 310.89352 296.47208 308.61172
 298.32623 304.9247  310.26877], max: [2, 1]
2024-12-20 22:44:04,439 - DEBUG - Actions to take: [2, 1]
2024-12-20 22:44:04,662 - DEBUG - LEFT, DOWN
2024-12-20 22:44:07,875 - DEBUG - Misha's prediction for this state: [316.31027 300.5543  319.0204  296.59964 310.89352 296.47208 308.61172
 298.32623 304.9247  310.26877], max: [2, 1]
2024-12-20 22:44:07,962 - DEBUG - Actions to take: [2, 1]
2024-12-20 22:44:08,200 - DEBUG - LEFT, DOWN
2024-12-20 22:44:12,304 - DEBUG - Misha's prediction for this state: [316.31027 300.5543  319.0204  296.59964 310.89352 296.47208 308.61172
 298.32623 304.9247  310.26877], max: [2, 1]
2024-12-20 22:44:12,424 - DEBUG - Actions to take: [2, 1]
2024-12-20 22:44:12,677 - DEBUG - LEFT, DOWN
2024-12-20 22:44:15,843 - DEBUG - Misha's prediction for this state: [316.31027 300.5543  319.0204  296.59964 310.89352 296.47208 308.61172
 298.32623 304.9247  310.26877], max: [2, 1]
2024-12-20 22:44:15,952 - DEBUG - Actions to take: [2, 1]
2024-12-20 22:44:16,141 - DEBUG - LEFT, DOWN
2024-12-20 22:44:20,072 - DEBUG - Misha's prediction for this state: [316.31027 300.5543  319.0204  296.59964 310.89352 296.47208 308.61172
 298.32623 304.9247  310.26877], max: [2, 1]
2024-12-20 22:44:20,201 - DEBUG - Actions to take: [2, 1]
2024-12-20 22:44:20,423 - DEBUG - LEFT, DOWN
2024-12-20 22:44:23,674 - DEBUG - Misha's prediction for this state: [316.31027 300.5543  319.0204  296.59964 310.89352 296.47208 308.61172
 298.32623 304.9247  310.26877], max: [2, 1]
2024-12-20 22:44:23,796 - DEBUG - Actions to take: [2, 1]
2024-12-20 22:44:24,045 - DEBUG - LEFT, DOWN
2024-12-20 22:44:27,244 - DEBUG - Misha's prediction for this state: [316.31027 300.5543  319.0204  296.59964 310.89352 296.47208 308.61172
 298.32623 304.9247  310.26877], max: [2, 1]
2024-12-20 22:44:27,351 - DEBUG - Actions to take: [2, 1]
2024-12-20 22:44:27,542 - DEBUG - LEFT, DOWN
2024-12-20 22:44:30,726 - DEBUG - Misha's prediction for this state: [316.31027 300.5543  319.0204  296.59964 310.89352 296.47208 308.61172
 298.32623 304.9247  310.26877], max: [2, 1]
2024-12-20 22:44:30,791 - DEBUG - Actions to take: [2, 1]
2024-12-20 22:44:30,955 - DEBUG - LEFT, DOWN
2024-12-20 22:44:34,151 - DEBUG - Misha's prediction for this state: [316.31027 300.5543  319.0204  296.59964 310.89352 296.47208 308.61172
 298.32623 304.9247  310.26877], max: [2, 1]
2024-12-20 22:44:34,256 - DEBUG - Actions to take: [2, 1]
2024-12-20 22:44:34,469 - DEBUG - LEFT, DOWN
2024-12-20 22:44:37,693 - DEBUG - Misha's prediction for this state: [316.31027 300.5543  319.0204  296.59964 310.89352 296.47208 308.61172
 298.32623 304.9247  310.26877], max: [2, 1]
2024-12-20 22:44:37,793 - DEBUG - Actions to take: [2, 1]
2024-12-20 22:44:37,968 - DEBUG - LEFT, DOWN
2024-12-20 22:44:41,147 - DEBUG - Misha's prediction for this state: [316.31027 300.5543  319.0204  296.59964 310.89352 296.47208 308.61172
 298.32623 304.9247  310.26877], max: [2, 1]
2024-12-20 22:44:41,233 - DEBUG - Actions to take: [2, 1]
2024-12-20 22:44:41,445 - DEBUG - LEFT, DOWN
2024-12-20 22:44:44,657 - DEBUG - Misha's prediction for this state: [316.31027 300.5543  319.0204  296.59964 310.89352 296.47208 308.61172
 298.32623 304.9247  310.26877], max: [2, 1]
2024-12-20 22:44:44,739 - DEBUG - Actions to take: [2, 1]
2024-12-20 22:44:44,932 - DEBUG - LEFT, DOWN
2024-12-20 22:44:48,123 - DEBUG - Misha's prediction for this state: [316.31027 300.5543  319.0204  296.59964 310.89352 296.47208 308.61172
 298.32623 304.9247  310.26877], max: [2, 1]
2024-12-20 22:44:48,247 - DEBUG - Actions to take: [2, 1]
2024-12-20 22:44:48,457 - DEBUG - LEFT, DOWN
2024-12-20 22:44:51,601 - DEBUG - Misha's prediction for this state: [316.31027 300.5543  319.0204  296.59964 310.89352 296.47208 308.61172
 298.32623 304.9247  310.26877], max: [2, 1]
2024-12-20 22:44:51,693 - DEBUG - Actions to take: [2, 1]
2024-12-20 22:44:51,889 - DEBUG - LEFT, DOWN
2024-12-20 22:44:55,739 - DEBUG - Misha's prediction for this state: [316.31027 300.5543  319.0204  296.59964 310.89352 296.47208 308.61172
 298.32623 304.9247  310.26877], max: [2, 1]
2024-12-20 22:44:55,850 - DEBUG - Actions to take: [2, 1]
2024-12-20 22:44:56,062 - DEBUG - LEFT, DOWN
2024-12-20 22:45:02,311 - DEBUG - Misha's prediction for this state: [316.31027 300.5543  319.0204  296.59964 310.89352 296.47208 308.61172
 298.32623 304.9247  310.26877], max: [2, 1]
2024-12-20 22:45:02,433 - DEBUG - Actions to take: [2, 1]
2024-12-20 22:45:02,645 - DEBUG - LEFT, DOWN
2024-12-20 22:45:05,905 - DEBUG - Misha's prediction for this state: [316.31027 300.5543  319.0204  296.59964 310.89352 296.47208 308.61172
 298.32623 304.9247  310.26877], max: [2, 1]
2024-12-20 22:45:06,036 - DEBUG - Actions to take: [2, 1]
2024-12-20 22:45:06,286 - DEBUG - LEFT, DOWN
2024-12-20 22:45:10,276 - DEBUG - Misha's prediction for this state: [316.31027 300.5543  319.0204  296.59964 310.89352 296.47208 308.61172
 298.32623 304.9247  310.26877], max: [2, 1]
2024-12-20 22:45:10,404 - DEBUG - Actions to take: [2, 1]
2024-12-20 22:45:10,716 - DEBUG - LEFT, DOWN
2024-12-20 22:45:13,977 - DEBUG - Misha's prediction for this state: [316.31027 300.5543  319.0204  296.59964 310.89352 296.47208 308.61172
 298.32623 304.9247  310.26877], max: [2, 1]
2024-12-20 22:45:14,099 - DEBUG - Actions to take: [2, 1]
2024-12-20 22:45:14,332 - DEBUG - LEFT, DOWN
2024-12-20 22:45:17,565 - DEBUG - Misha's prediction for this state: [316.31027 300.5543  319.0204  296.59964 310.89352 296.47208 308.61172
 298.32623 304.9247  310.26877], max: [2, 1]
2024-12-20 22:45:17,669 - DEBUG - Actions to take: [2, 1]
2024-12-20 22:45:17,873 - DEBUG - LEFT, DOWN
2024-12-20 22:45:21,128 - DEBUG - Misha's prediction for this state: [316.31027 300.5543  319.0204  296.59964 310.89352 296.47208 308.61172
 298.32623 304.9247  310.26877], max: [2, 1]
2024-12-20 22:45:21,238 - DEBUG - Actions to take: [2, 1]
2024-12-20 22:45:21,421 - DEBUG - LEFT, DOWN
2024-12-20 22:45:24,701 - DEBUG - Misha's prediction for this state: [316.31027 300.5543  319.0204  296.59964 310.89352 296.47208 308.61172
 298.32623 304.9247  310.26877], max: [2, 1]
2024-12-20 22:45:24,808 - DEBUG - Actions to take: [2, 1]
2024-12-20 22:45:24,990 - DEBUG - LEFT, DOWN
2024-12-20 22:45:28,213 - DEBUG - Misha's prediction for this state: [316.31027 300.5543  319.0204  296.59964 310.89352 296.47208 308.61172
 298.32623 304.9247  310.26877], max: [2, 1]
2024-12-20 22:45:28,301 - DEBUG - Actions to take: [2, 1]
2024-12-20 22:45:28,496 - DEBUG - LEFT, DOWN
2024-12-20 22:45:31,707 - DEBUG - Misha's prediction for this state: [316.31027 300.5543  319.0204  296.59964 310.89352 296.47208 308.61172
 298.32623 304.9247  310.26877], max: [2, 1]
2024-12-20 22:45:31,816 - DEBUG - Actions to take: [2, 1]
2024-12-20 22:45:32,022 - DEBUG - LEFT, DOWN
2024-12-20 22:45:35,288 - DEBUG - Misha's prediction for this state: [316.31027 300.5543  319.0204  296.59964 310.89352 296.47208 308.61172
 298.32623 304.9247  310.26877], max: [2, 1]
2024-12-20 22:45:35,383 - DEBUG - Actions to take: [2, 1]
2024-12-20 22:45:35,602 - DEBUG - LEFT, DOWN
2024-12-20 22:45:38,887 - DEBUG - Misha's prediction for this state: [316.31027 300.5543  319.0204  296.59964 310.89352 296.47208 308.61172
 298.32623 304.9247  310.26877], max: [2, 1]
2024-12-20 22:45:39,087 - DEBUG - Actions to take: [2, 1]
2024-12-20 22:45:39,318 - DEBUG - LEFT, DOWN
2024-12-20 22:45:42,559 - DEBUG - Misha's prediction for this state: [316.31027 300.5543  319.0204  296.59964 310.89352 296.47208 308.61172
 298.32623 304.9247  310.26877], max: [2, 1]
2024-12-20 22:45:42,653 - DEBUG - Actions to take: [2, 1]
2024-12-20 22:45:42,829 - DEBUG - LEFT, DOWN
2024-12-20 22:45:46,039 - DEBUG - Misha's prediction for this state: [316.31027 300.5543  319.0204  296.59964 310.89352 296.47208 308.61172
 298.32623 304.9247  310.26877], max: [2, 1]
2024-12-20 22:45:46,144 - DEBUG - Actions to take: [2, 1]
2024-12-20 22:45:46,315 - DEBUG - LEFT, DOWN
2024-12-20 22:45:49,473 - DEBUG - Misha's prediction for this state: [316.31027 300.5543  319.0204  296.59964 310.89352 296.47208 308.61172
 298.32623 304.9247  310.26877], max: [2, 1]
2024-12-20 22:45:49,558 - DEBUG - Actions to take: [2, 1]
2024-12-20 22:45:49,755 - DEBUG - LEFT, DOWN
2024-12-20 22:45:52,933 - DEBUG - Misha's prediction for this state: [316.31027 300.5543  319.0204  296.59964 310.89352 296.47208 308.61172
 298.32623 304.9247  310.26877], max: [2, 1]
2024-12-20 22:45:53,012 - DEBUG - Actions to take: [2, 1]
2024-12-20 22:45:53,187 - DEBUG - LEFT, DOWN
2024-12-20 22:45:56,383 - DEBUG - Misha's prediction for this state: [316.31027 300.5543  319.0204  296.59964 310.89352 296.47208 308.61172
 298.32623 304.9247  310.26877], max: [2, 1]
2024-12-20 22:45:56,471 - DEBUG - Actions to take: [2, 1]
2024-12-20 22:45:56,672 - DEBUG - LEFT, DOWN
2024-12-20 22:45:59,994 - DEBUG - Misha's prediction for this state: [316.31027 300.5543  319.0204  296.59964 310.89352 296.47208 308.61172
 298.32623 304.9247  310.26877], max: [2, 1]
2024-12-20 22:46:00,103 - DEBUG - Actions to take: [2, 1]
2024-12-20 22:46:00,364 - DEBUG - LEFT, DOWN
2024-12-20 22:46:03,590 - DEBUG - Misha's prediction for this state: [316.31027 300.5543  319.0204  296.59964 310.89352 296.47208 308.61172
 298.32623 304.9247  310.26877], max: [2, 1]
2024-12-20 22:46:03,677 - DEBUG - Actions to take: [2, 1]
2024-12-20 22:46:03,887 - DEBUG - LEFT, DOWN
2024-12-20 22:46:07,204 - DEBUG - Misha's prediction for this state: [316.31027 300.5543  319.0204  296.59964 310.89352 296.47208 308.61172
 298.32623 304.9247  310.26877], max: [2, 1]
2024-12-20 22:46:07,305 - DEBUG - Actions to take: [2, 1]
2024-12-20 22:46:07,520 - DEBUG - LEFT, DOWN
2024-12-20 22:46:10,794 - DEBUG - Misha's prediction for this state: [316.31027 300.5543  319.0204  296.59964 310.89352 296.47208 308.61172
 298.32623 304.9247  310.26877], max: [2, 1]
2024-12-20 22:46:10,897 - DEBUG - Actions to take: [2, 1]
2024-12-20 22:46:11,096 - DEBUG - LEFT, DOWN
2024-12-20 22:46:14,328 - DEBUG - Misha's prediction for this state: [316.31027 300.5543  319.0204  296.59964 310.89352 296.47208 308.61172
 298.32623 304.9247  310.26877], max: [2, 1]
2024-12-20 22:46:14,434 - DEBUG - Actions to take: [2, 1]
2024-12-20 22:46:14,614 - DEBUG - LEFT, DOWN
2024-12-20 22:46:17,804 - DEBUG - Misha's prediction for this state: [316.31027 300.5543  319.0204  296.59964 310.89352 296.47208 308.61172
 298.32623 304.9247  310.26877], max: [2, 1]
2024-12-20 22:46:17,891 - DEBUG - Actions to take: [2, 1]
2024-12-20 22:46:18,071 - DEBUG - LEFT, DOWN
2024-12-20 22:46:21,299 - DEBUG - Misha's prediction for this state: [316.31027 300.5543  319.0204  296.59964 310.89352 296.47208 308.61172
 298.32623 304.9247  310.26877], max: [2, 1]
2024-12-20 22:46:21,417 - DEBUG - Actions to take: [2, 1]
2024-12-20 22:46:21,648 - DEBUG - LEFT, DOWN
2024-12-20 22:46:24,854 - DEBUG - Misha's prediction for this state: [316.31027 300.5543  319.0204  296.59964 310.89352 296.47208 308.61172
 298.32623 304.9247  310.26877], max: [2, 1]
2024-12-20 22:46:24,944 - DEBUG - Actions to take: [2, 1]
2024-12-20 22:46:25,105 - DEBUG - LEFT, DOWN
2024-12-20 22:46:28,293 - DEBUG - Misha's prediction for this state: [316.31027 300.5543  319.0204  296.59964 310.89352 296.47208 308.61172
 298.32623 304.9247  310.26877], max: [2, 1]
2024-12-20 22:46:28,385 - DEBUG - Actions to take: [2, 1]
2024-12-20 22:46:28,549 - DEBUG - LEFT, DOWN
2024-12-20 22:46:31,739 - DEBUG - Misha's prediction for this state: [316.31027 300.5543  319.0204  296.59964 310.89352 296.47208 308.61172
 298.32623 304.9247  310.26877], max: [2, 1]
2024-12-20 22:46:31,841 - DEBUG - Actions to take: [2, 1]
2024-12-20 22:46:32,026 - DEBUG - LEFT, DOWN
2024-12-20 22:46:35,228 - DEBUG - Misha's prediction for this state: [316.31027 300.5543  319.0204  296.59964 310.89352 296.47208 308.61172
 298.32623 304.9247  310.26877], max: [2, 1]
2024-12-20 22:46:35,308 - DEBUG - Actions to take: [2, 1]
2024-12-20 22:46:35,478 - DEBUG - LEFT, DOWN
2024-12-20 22:46:39,742 - DEBUG - Misha's prediction for this state: [316.31027 300.5543  319.0204  296.59964 310.89352 296.47208 308.61172
 298.32623 304.9247  310.26877], max: [2, 1]
2024-12-20 22:46:39,890 - DEBUG - Actions to take: [2, 1]
2024-12-20 22:46:40,128 - DEBUG - LEFT, DOWN
2024-12-20 22:46:43,908 - DEBUG - Misha's prediction for this state: [316.31027 300.5543  319.0204  296.59964 310.89352 296.47208 308.61172
 298.32623 304.9247  310.26877], max: [2, 1]
2024-12-20 22:46:44,016 - DEBUG - Actions to take: [2, 1]
2024-12-20 22:46:44,220 - DEBUG - LEFT, DOWN
2024-12-20 22:46:47,940 - DEBUG - Misha's prediction for this state: [316.31027 300.5543  319.0204  296.59964 310.89352 296.47208 308.61172
 298.32623 304.9247  310.26877], max: [2, 1]
2024-12-20 22:46:48,041 - DEBUG - Actions to take: [2, 1]
2024-12-20 22:46:48,261 - DEBUG - LEFT, DOWN
2024-12-20 23:01:18,772 - INFO - 2.18.0
2024-12-20 23:01:22,642 - DEBUG - Play the new game #2
2024-12-20 23:01:26,415 - DEBUG - Misha's prediction for this state: [286.03375 271.9963  288.68002 268.4774  281.32846 268.1883  279.1285
 269.93765 275.84055 280.69647], max: [2, 1]
2024-12-20 23:01:26,472 - DEBUG - Actions to take: [2, 1]
2024-12-20 23:01:26,773 - DEBUG - LEFT, DOWN
2024-12-20 23:01:29,967 - DEBUG - Misha's prediction for this state: [286.03375 271.9963  288.68002 268.4774  281.32846 268.1883  279.1285
 269.93765 275.84055 280.69647], max: [2, 1]
2024-12-20 23:01:30,035 - DEBUG - Actions to take: [2, 1]
2024-12-20 23:01:30,196 - DEBUG - LEFT, DOWN
2024-12-20 23:01:33,082 - INFO - 2.18.0
2024-12-20 23:01:33,630 - DEBUG - Play the new game #2
2024-12-20 23:01:34,763 - DEBUG - y_target: 287.560771875
2024-12-20 23:01:34,769 - DEBUG - tf.Tensor(
[[285.40518 271.39178 288.0216  267.92435 280.68518 267.50137 278.5249
  269.36005 275.13495 280.0406 ]], shape=(1, 10), dtype=float32)
2024-12-20 23:01:34,771 - DEBUG - Best moves: [3, 5]
2024-12-20 23:01:35,834 - DEBUG - y_target: 288.48351796875
2024-12-20 23:01:35,835 - DEBUG - tf.Tensor(
[[286.32578 272.28314 288.94583 268.8135  281.49985 268.44687 279.38
  270.1837  276.0726  281.06247]], shape=(1, 10), dtype=float32)
2024-12-20 23:01:35,836 - DEBUG - Best moves: [1, 7]
2024-12-20 23:01:36,976 - DEBUG - y_target: 288.25609921874997
2024-12-20 23:01:36,977 - DEBUG - tf.Tensor(
[[286.09583 272.05573 288.71805 268.4892  281.41418 268.19083 279.1606
  270.05148 275.853   280.6923 ]], shape=(1, 10), dtype=float32)
2024-12-20 23:01:36,979 - DEBUG - Best moves: [1, 9]
2024-12-20 23:01:38,040 - DEBUG - y_target: 291.344625
2024-12-20 23:01:38,041 - DEBUG - tf.Tensor(
[[289.1677  274.89313 291.81152 271.35797 284.3592  270.89755 282.33585
  272.99234 278.65607 283.72363]], shape=(1, 10), dtype=float32)
2024-12-20 23:01:38,043 - DEBUG - Best moves: [1, 7]
2024-12-20 23:01:39,388 - DEBUG - One action takes: 0.03096914291381836
2024-12-20 23:01:39,409 - DEBUG - y_target: 291.344625
2024-12-20 23:01:39,410 - DEBUG - tf.Tensor(
[[289.1677  274.89313 291.81152 271.35797 284.3592  270.89755 282.33585
  272.99234 278.65607 283.72363]], shape=(1, 10), dtype=float32)
2024-12-20 23:01:39,412 - DEBUG - Best moves: [3, 6]
2024-12-20 23:01:40,479 - DEBUG - y_target: 294.8106890625
2024-12-20 23:01:40,480 - DEBUG - tf.Tensor(
[[292.0421  278.16653 295.28314 274.36865 288.1459  273.8946  285.2536
  276.29773 281.98242 286.61758]], shape=(1, 10), dtype=float32)
2024-12-20 23:01:40,482 - DEBUG - Best moves: [0, 7]
2024-12-20 23:01:41,546 - DEBUG - y_target: 298.53010078125
2024-12-20 23:01:41,547 - DEBUG - tf.Tensor(
[[296.5053  281.91153 299.0085  278.2187  291.76218 277.6637  289.36926
  280.00244 285.6118  290.60837]], shape=(1, 10), dtype=float32)
2024-12-20 23:01:41,549 - DEBUG - Best moves: [1, 5]
2024-12-20 23:01:42,944 - DEBUG - y_target: 292.31270859374996
2024-12-20 23:01:42,947 - DEBUG - tf.Tensor(
[[290.28284 276.16187 292.78116 272.56134 285.5159  272.25143 283.3604
  273.97574 279.78894 284.86823]], shape=(1, 10), dtype=float32)
2024-12-20 23:01:42,950 - DEBUG - Best moves: [3, 9]
2024-12-20 23:01:44,035 - DEBUG - y_target: 288.616575
2024-12-20 23:01:44,036 - DEBUG - tf.Tensor(
[[286.4623  272.49292 289.0791  268.93018 281.7271  268.64774 279.52866
  270.38046 276.2089  281.17142]], shape=(1, 10), dtype=float32)
2024-12-20 23:01:44,037 - DEBUG - Best moves: [2, 9]
2024-12-20 23:01:45,064 - DEBUG - One action takes: 0.02429509162902832
2024-12-20 23:01:45,079 - DEBUG - y_target: 292.845028125
2024-12-20 23:01:45,080 - DEBUG - tf.Tensor(
[[290.8695  276.67734 293.31433 273.00433 286.0792  272.76804 283.89044
  274.5083  280.3069  285.34598]], shape=(1, 10), dtype=float32)
2024-12-20 23:01:45,082 - DEBUG - Best moves: [2, 9]
2024-12-20 23:01:46,125 - DEBUG - y_target: 288.91894687499996
2024-12-20 23:01:46,126 - DEBUG - tf.Tensor(
[[286.68314 272.80582 289.38196 269.22778 282.04468 268.88098 279.75632
  270.614   276.44397 281.39825]], shape=(1, 10), dtype=float32)
2024-12-20 23:01:46,127 - DEBUG - Best moves: [3, 9]
2024-12-20 23:01:47,178 - DEBUG - y_target: 293.02336171875
2024-12-20 23:01:47,179 - DEBUG - tf.Tensor(
[[291.04138 276.84985 293.49295 273.16248 286.27298 272.93542 284.071
  274.6777  280.47833 285.50702]], shape=(1, 10), dtype=float32)
2024-12-20 23:01:47,181 - DEBUG - Best moves: [1, 9]
2024-12-20 23:01:48,224 - DEBUG - y_target: 289.69087265625
2024-12-20 23:01:48,225 - DEBUG - tf.Tensor(
[[287.61813 273.54132 290.15512 269.90857 282.869   269.7113  280.6144
  271.43243 277.28775 282.18024]], shape=(1, 10), dtype=float32)
2024-12-20 23:01:48,226 - DEBUG - Best moves: [0, 9]
2024-12-20 23:01:49,272 - DEBUG - y_target: 292.152046875
2024-12-20 23:01:49,272 - DEBUG - tf.Tensor(
[[290.10675 276.00226 292.62024 272.44138 285.23138 272.0955  283.20554
  273.76147 279.5826  284.79724]], shape=(1, 10), dtype=float32)
2024-12-20 23:01:49,273 - DEBUG - Best moves: [0, 9]
2024-12-20 23:01:50,305 - DEBUG - One action takes: 0.02355480194091797
2024-12-20 23:01:50,317 - DEBUG - y_target: 288.8702578125
2024-12-20 23:01:50,317 - DEBUG - tf.Tensor(
[[286.7656  272.7571  289.3332  269.22742 281.90836 268.94125 279.81012
  270.58313 276.45764 281.5105 ]], shape=(1, 10), dtype=float32)
2024-12-20 23:01:50,318 - DEBUG - Best moves: [2, 9]
2024-12-20 23:01:51,365 - DEBUG - y_target: 291.6541875
2024-12-20 23:01:51,366 - DEBUG - tf.Tensor(
[[289.66284 275.5804  292.12158 271.96194 284.83524 271.6928  282.73035
  273.3354  279.15063 284.27704]], shape=(1, 10), dtype=float32)
2024-12-20 23:01:51,366 - DEBUG - Best moves: [0, 9]
2024-12-20 23:01:52,407 - DEBUG - y_target: 289.01763515625
2024-12-20 23:01:52,407 - DEBUG - tf.Tensor(
[[286.9753  272.95392 289.4808  269.3784  282.14084 269.16263 279.97327
  270.7635  276.65955 281.6436 ]], shape=(1, 10), dtype=float32)
2024-12-20 23:01:52,408 - DEBUG - Best moves: [2, 9]
2024-12-20 23:01:53,452 - DEBUG - y_target: 291.6541875
2024-12-20 23:01:53,452 - DEBUG - tf.Tensor(
[[289.66284 275.5804  292.12158 271.96194 284.83524 271.6928  282.73035
  273.3354  279.15063 284.27704]], shape=(1, 10), dtype=float32)
2024-12-20 23:01:53,453 - DEBUG - Best moves: [3, 9]
2024-12-20 23:01:54,497 - DEBUG - y_target: 288.7836046875
2024-12-20 23:01:54,497 - DEBUG - tf.Tensor(
[[286.67194 272.6692  289.2464  269.14578 281.8156  268.85565 279.7266
  270.5019  276.3689  281.42697]], shape=(1, 10), dtype=float32)
2024-12-20 23:01:54,498 - DEBUG - Best moves: [2, 9]
2024-12-20 23:01:55,530 - DEBUG - One action takes: 0.024552106857299805
2024-12-20 23:01:55,543 - DEBUG - y_target: 291.6541875
2024-12-20 23:01:55,544 - DEBUG - tf.Tensor(
[[289.66284 275.5804  292.12158 271.96194 284.83524 271.6928  282.73035
  273.3354  279.15063 284.27704]], shape=(1, 10), dtype=float32)
2024-12-20 23:01:55,545 - DEBUG - Best moves: [0, 9]
2024-12-20 23:01:56,588 - DEBUG - y_target: 289.01763515625
2024-12-20 23:01:56,588 - DEBUG - tf.Tensor(
[[286.9753  272.95392 289.4808  269.3784  282.14084 269.16263 279.97327
  270.7635  276.65955 281.6436 ]], shape=(1, 10), dtype=float32)
2024-12-20 23:01:56,589 - DEBUG - Best moves: [2, 9]
2024-12-20 23:01:57,629 - DEBUG - y_target: 291.6541875
2024-12-20 23:01:57,629 - DEBUG - tf.Tensor(
[[289.66284 275.5804  292.12158 271.96194 284.83524 271.6928  282.73035
  273.3354  279.15063 284.27704]], shape=(1, 10), dtype=float32)
2024-12-20 23:01:57,630 - DEBUG - Best moves: [0, 9]
2024-12-20 23:01:58,669 - DEBUG - y_target: 289.01763515625
2024-12-20 23:01:58,671 - DEBUG - tf.Tensor(
[[286.9753  272.95392 289.4808  269.3784  282.14084 269.16263 279.97327
  270.7635  276.65955 281.6436 ]], shape=(1, 10), dtype=float32)
2024-12-20 23:01:58,671 - DEBUG - Best moves: [2, 9]
2024-12-20 23:01:59,715 - DEBUG - y_target: 291.6541875
2024-12-20 23:01:59,717 - DEBUG - tf.Tensor(
[[289.66284 275.5804  292.12158 271.96194 284.83524 271.6928  282.73035
  273.3354  279.15063 284.27704]], shape=(1, 10), dtype=float32)
2024-12-20 23:01:59,717 - DEBUG - Best moves: [2, 9]
2024-12-20 23:02:00,751 - DEBUG - One action takes: 0.024893999099731445
2024-12-20 23:02:00,763 - DEBUG - y_target: 289.01763515625
2024-12-20 23:02:00,764 - DEBUG - tf.Tensor(
[[286.9753  272.95392 289.4808  269.3784  282.14084 269.16263 279.97327
  270.7635  276.65955 281.6436 ]], shape=(1, 10), dtype=float32)
2024-12-20 23:02:00,764 - DEBUG - Best moves: [3, 9]
2024-12-20 23:02:01,811 - DEBUG - y_target: 291.85299609375
2024-12-20 23:02:01,812 - DEBUG - tf.Tensor(
[[289.81494 275.72446 292.3207  272.15555 284.95316 271.8219  282.91815
  273.4891  279.2975  284.4947 ]], shape=(1, 10), dtype=float32)
2024-12-20 23:02:01,813 - DEBUG - Best moves: [0, 9]
2024-12-20 23:02:02,858 - DEBUG - y_target: 288.7836046875
2024-12-20 23:02:02,859 - DEBUG - tf.Tensor(
[[286.67194 272.6692  289.2464  269.14578 281.8156  268.85565 279.7266
  270.5019  276.3689  281.42697]], shape=(1, 10), dtype=float32)
2024-12-20 23:02:02,859 - DEBUG - Best moves: [2, 9]
2024-12-20 23:02:03,903 - DEBUG - y_target: 291.6541875
2024-12-20 23:02:03,904 - DEBUG - tf.Tensor(
[[289.66284 275.5804  292.12158 271.96194 284.83524 271.6928  282.73035
  273.3354  279.15063 284.27704]], shape=(1, 10), dtype=float32)
2024-12-20 23:02:03,904 - DEBUG - Best moves: [3, 9]
2024-12-20 23:02:04,940 - DEBUG - y_target: 288.7836046875
2024-12-20 23:02:04,941 - DEBUG - tf.Tensor(
[[286.67194 272.6692  289.2464  269.14578 281.8156  268.85565 279.7266
  270.5019  276.3689  281.42697]], shape=(1, 10), dtype=float32)
2024-12-20 23:02:04,942 - DEBUG - Best moves: [0, 9]
2024-12-20 23:02:05,964 - DEBUG - One action takes: 0.01873922348022461
2024-12-20 23:02:05,975 - DEBUG - y_target: 291.85299609375
2024-12-20 23:02:05,976 - DEBUG - tf.Tensor(
[[289.81494 275.72446 292.3207  272.15555 284.95316 271.8219  282.91815
  273.4891  279.2975  284.4947 ]], shape=(1, 10), dtype=float32)
2024-12-20 23:02:05,978 - DEBUG - Best moves: [3, 9]
2024-12-20 23:02:07,033 - DEBUG - y_target: 288.7836046875
2024-12-20 23:02:07,035 - DEBUG - tf.Tensor(
[[286.67194 272.6692  289.2464  269.14578 281.8156  268.85565 279.7266
  270.5019  276.3689  281.42697]], shape=(1, 10), dtype=float32)
2024-12-20 23:02:07,037 - DEBUG - Best moves: [2, 9]
2024-12-20 23:02:08,080 - DEBUG - y_target: 291.6541875
2024-12-20 23:02:08,081 - DEBUG - tf.Tensor(
[[289.66284 275.5804  292.12158 271.96194 284.83524 271.6928  282.73035
  273.3354  279.15063 284.27704]], shape=(1, 10), dtype=float32)
2024-12-20 23:02:08,082 - DEBUG - Best moves: [0, 9]
2024-12-20 23:02:09,129 - DEBUG - y_target: 289.01763515625
2024-12-20 23:02:09,130 - DEBUG - tf.Tensor(
[[286.9753  272.95392 289.4808  269.3784  282.14084 269.16263 279.97327
  270.7635  276.65955 281.6436 ]], shape=(1, 10), dtype=float32)
2024-12-20 23:02:09,131 - DEBUG - Best moves: [2, 9]
2024-12-20 23:02:10,164 - DEBUG - y_target: 291.6541875
2024-12-20 23:02:10,165 - DEBUG - tf.Tensor(
[[289.66284 275.5804  292.12158 271.96194 284.83524 271.6928  282.73035
  273.3354  279.15063 284.27704]], shape=(1, 10), dtype=float32)
2024-12-20 23:02:10,166 - DEBUG - Best moves: [0, 9]
2024-12-20 23:02:11,188 - DEBUG - One action takes: 0.016059160232543945
2024-12-20 23:02:11,197 - DEBUG - y_target: 289.01763515625
2024-12-20 23:02:11,197 - DEBUG - tf.Tensor(
[[286.9753  272.95392 289.4808  269.3784  282.14084 269.16263 279.97327
  270.7635  276.65955 281.6436 ]], shape=(1, 10), dtype=float32)
2024-12-20 23:02:11,198 - DEBUG - Best moves: [3, 9]
2024-12-20 23:02:12,238 - DEBUG - y_target: 291.85299609375
2024-12-20 23:02:12,239 - DEBUG - tf.Tensor(
[[289.81494 275.72446 292.3207  272.15555 284.95316 271.8219  282.91815
  273.4891  279.2975  284.4947 ]], shape=(1, 10), dtype=float32)
2024-12-20 23:02:12,240 - DEBUG - Best moves: [0, 9]
2024-12-20 23:02:13,283 - DEBUG - y_target: 288.7836046875
2024-12-20 23:02:13,284 - DEBUG - tf.Tensor(
[[286.67194 272.6692  289.2464  269.14578 281.8156  268.85565 279.7266
  270.5019  276.3689  281.42697]], shape=(1, 10), dtype=float32)
2024-12-20 23:02:13,285 - DEBUG - Best moves: [2, 9]
2024-12-20 23:02:14,326 - DEBUG - y_target: 291.6541875
2024-12-20 23:02:14,327 - DEBUG - tf.Tensor(
[[289.66284 275.5804  292.12158 271.96194 284.83524 271.6928  282.73035
  273.3354  279.15063 284.27704]], shape=(1, 10), dtype=float32)
2024-12-20 23:02:14,327 - DEBUG - Best moves: [3, 9]
2024-12-20 23:02:15,372 - DEBUG - y_target: 288.7836046875
2024-12-20 23:02:15,373 - DEBUG - tf.Tensor(
[[286.67194 272.6692  289.2464  269.14578 281.8156  268.85565 279.7266
  270.5019  276.3689  281.42697]], shape=(1, 10), dtype=float32)
2024-12-20 23:02:15,374 - DEBUG - Best moves: [0, 9]
2024-12-20 23:02:16,406 - DEBUG - One action takes: 0.02435922622680664
2024-12-20 23:02:16,418 - DEBUG - y_target: 291.85299609375
2024-12-20 23:02:16,418 - DEBUG - tf.Tensor(
[[289.81494 275.72446 292.3207  272.15555 284.95316 271.8219  282.91815
  273.4891  279.2975  284.4947 ]], shape=(1, 10), dtype=float32)
2024-12-20 23:02:16,419 - DEBUG - Best moves: [1, 9]
2024-12-20 23:02:17,461 - DEBUG - y_target: 288.99795234375
2024-12-20 23:02:17,462 - DEBUG - tf.Tensor(
[[286.86563 272.88782 289.4611  269.2626  282.17932 269.04614 279.89392
  270.74658 276.6043  281.48862]], shape=(1, 10), dtype=float32)
2024-12-20 23:02:17,463 - DEBUG - Best moves: [2, 9]
2024-12-20 23:02:18,507 - DEBUG - y_target: 292.14244921874996
2024-12-20 23:02:18,507 - DEBUG - tf.Tensor(
[[289.965   276.00775 292.61063 272.38467 285.31793 271.98184 283.0782
  273.72925 279.51105 284.6188 ]], shape=(1, 10), dtype=float32)
2024-12-20 23:02:18,508 - DEBUG - Best moves: [1, 9]
2024-12-20 23:02:19,553 - DEBUG - y_target: 289.09207031249997
2024-12-20 23:02:19,554 - DEBUG - tf.Tensor(
[[286.8374  272.97086 289.55536 269.3941  282.20428 269.02988 279.9002
  270.76053 276.60245 281.56512]], shape=(1, 10), dtype=float32)
2024-12-20 23:02:19,555 - DEBUG - Best moves: [1, 9]
2024-12-20 23:02:20,597 - DEBUG - y_target: 294.73174453125
2024-12-20 23:02:20,598 - DEBUG - tf.Tensor(
[[292.6274  278.5537  295.20407 274.8811  287.72205 274.54645 285.8043
  276.0784  281.87964 287.30734]], shape=(1, 10), dtype=float32)
2024-12-20 23:02:20,599 - DEBUG - Best moves: [1, 9]
2024-12-20 23:02:21,629 - DEBUG - One action takes: 0.022032976150512695
2024-12-20 23:02:21,641 - DEBUG - y_target: 291.81082734374996
2024-12-20 23:02:21,642 - DEBUG - tf.Tensor(
[[289.61063 275.63663 292.27847 272.008   284.72195 271.70767 282.75854
  273.23163 279.07526 284.38376]], shape=(1, 10), dtype=float32)
2024-12-20 23:02:21,642 - DEBUG - Best moves: [1, 9]
2024-12-20 23:02:22,686 - DEBUG - y_target: 294.73174453125
2024-12-20 23:02:22,686 - DEBUG - tf.Tensor(
[[292.6274  278.5537  295.20407 274.8811  287.72205 274.54645 285.8043
  276.0784  281.87964 287.30734]], shape=(1, 10), dtype=float32)
2024-12-20 23:02:22,687 - DEBUG - Best moves: [3, 9]
2024-12-20 23:02:23,729 - DEBUG - y_target: 291.79449609375
2024-12-20 23:02:23,729 - DEBUG - tf.Tensor(
[[289.71472 275.62152 292.26212 271.9438  284.7756  271.78888 282.82947
  273.2908  279.1489  284.37494]], shape=(1, 10), dtype=float32)
2024-12-20 23:02:23,730 - DEBUG - Best moves: [3, 9]
2024-12-20 23:02:24,771 - DEBUG - y_target: 294.25631015625
2024-12-20 23:02:24,773 - DEBUG - tf.Tensor(
[[292.2523  278.07574 294.72787 274.41718 287.2449  274.16428 285.43268
  275.69833 281.4861  286.9136 ]], shape=(1, 10), dtype=float32)
2024-12-20 23:02:24,774 - DEBUG - Best moves: [0, 9]
2024-12-20 23:02:25,816 - DEBUG - y_target: 291.2554734375
2024-12-20 23:02:25,817 - DEBUG - tf.Tensor(
[[289.21146 275.08026 291.72223 271.49893 284.1338  271.24008 282.35324
  272.7517  278.57898 283.9288 ]], shape=(1, 10), dtype=float32)
2024-12-20 23:02:25,818 - DEBUG - Best moves: [3, 9]
2024-12-20 23:02:26,848 - DEBUG - One action takes: 0.02249598503112793
2024-12-20 23:02:26,859 - DEBUG - y_target: 294.1308703125
2024-12-20 23:02:26,860 - DEBUG - tf.Tensor(
[[292.18283 277.95505 294.60223 274.33102 287.089   274.03824 285.3521
  275.55453 281.34198 286.80917]], shape=(1, 10), dtype=float32)
2024-12-20 23:02:26,861 - DEBUG - Best moves: [0, 9]
2024-12-20 23:02:27,910 - DEBUG - y_target: 291.2001421875
2024-12-20 23:02:27,911 - DEBUG - tf.Tensor(
[[289.15924 275.02786 291.6668  271.44815 284.07782 271.19498 282.30115
  272.70157 278.53073 283.88025]], shape=(1, 10), dtype=float32)
2024-12-20 23:02:27,912 - DEBUG - Best moves: [3, 9]
2024-12-20 23:02:28,956 - DEBUG - y_target: 294.12108984375
2024-12-20 23:02:28,957 - DEBUG - tf.Tensor(
[[292.17606 277.94495 294.59244 274.32132 287.07797 274.03378 285.34692
  275.5484  281.3352  286.80386]], shape=(1, 10), dtype=float32)
2024-12-20 23:02:28,957 - DEBUG - Best moves: [0, 9]
2024-12-20 23:02:30,016 - DEBUG - y_target: 291.2001421875
2024-12-20 23:02:30,018 - DEBUG - tf.Tensor(
[[289.15924 275.02786 291.6668  271.44815 284.07782 271.19498 282.30115
  272.70157 278.53073 283.88025]], shape=(1, 10), dtype=float32)
2024-12-20 23:02:30,019 - DEBUG - Best moves: [2, 9]
2024-12-20 23:02:31,479 - DEBUG - y_target: 294.22242890625
2024-12-20 23:02:31,480 - DEBUG - tf.Tensor(
[[292.2831  278.06274 294.69394 274.43622 287.14395 274.1761  285.45288
  275.63806 281.44086 286.96042]], shape=(1, 10), dtype=float32)
2024-12-20 23:02:31,482 - DEBUG - Best moves: [4, 9]
2024-12-20 23:02:32,526 - DEBUG - One action takes: 0.03663992881774902
2024-12-20 23:02:32,541 - DEBUG - y_target: 294.75956249999996
2024-12-20 23:02:32,541 - DEBUG - tf.Tensor(
[[292.6154  278.08884 295.23193 274.72147 287.35168 274.19824 285.707
  275.97653 281.90323 287.3424 ]], shape=(1, 10), dtype=float32)
2024-12-20 23:02:32,542 - DEBUG - Best moves: [3, 9]
2024-12-20 23:02:33,577 - DEBUG - y_target: 295.54029375
2024-12-20 23:02:33,578 - DEBUG - tf.Tensor(
[[293.4754  279.0266  296.01392 275.60272 288.39243 275.05844 286.65027
  276.8448  282.68835 288.08856]], shape=(1, 10), dtype=float32)
2024-12-20 23:02:33,579 - DEBUG - Best moves: [4, 9]
2024-12-20 23:02:34,617 - DEBUG - y_target: 291.2001421875
2024-12-20 23:02:34,619 - DEBUG - tf.Tensor(
[[289.15924 275.02786 291.6668  271.44815 284.07782 271.19498 282.30115
  272.70157 278.53073 283.88025]], shape=(1, 10), dtype=float32)
2024-12-20 23:02:34,627 - DEBUG - Best moves: [3, 9]
2024-12-20 23:02:35,685 - DEBUG - y_target: 294.12108984375
2024-12-20 23:02:35,688 - DEBUG - tf.Tensor(
[[292.17606 277.94495 294.59244 274.32132 287.07797 274.03378 285.34692
  275.5484  281.3352  286.80386]], shape=(1, 10), dtype=float32)
2024-12-20 23:02:35,690 - DEBUG - Best moves: [0, 9]
2024-12-20 23:02:36,748 - DEBUG - y_target: 291.2001421875
2024-12-20 23:02:36,750 - DEBUG - tf.Tensor(
[[289.15924 275.02786 291.6668  271.44815 284.07782 271.19498 282.30115
  272.70157 278.53073 283.88025]], shape=(1, 10), dtype=float32)
2024-12-20 23:02:36,752 - DEBUG - Best moves: [1, 9]
2024-12-20 23:02:37,790 - DEBUG - One action takes: 0.026376008987426758
2024-12-20 23:02:37,805 - DEBUG - y_target: 294.08443593749996
2024-12-20 23:02:37,806 - DEBUG - tf.Tensor(
[[292.09015 277.91888 294.55573 274.2642  287.07593 274.01202 285.27142
  275.5347  281.32196 286.7505 ]], shape=(1, 10), dtype=float32)
2024-12-20 23:02:37,807 - DEBUG - Best moves: [0, 9]
2024-12-20 23:02:38,843 - DEBUG - y_target: 291.20559609375
2024-12-20 23:02:38,844 - DEBUG - tf.Tensor(
[[289.16306 275.03384 291.67227 271.4549  284.08566 271.19702 282.30423
  272.70477 278.5349  283.88205]], shape=(1, 10), dtype=float32)
2024-12-20 23:02:38,845 - DEBUG - Best moves: [2, 9]
2024-12-20 23:02:39,881 - DEBUG - y_target: 294.22242890625
2024-12-20 23:02:39,881 - DEBUG - tf.Tensor(
[[292.2831  278.06274 294.69394 274.43622 287.14395 274.1761  285.45288
  275.63806 281.44086 286.96042]], shape=(1, 10), dtype=float32)
2024-12-20 23:02:39,882 - DEBUG - Best moves: [4, 9]
2024-12-20 23:02:40,917 - DEBUG - y_target: 297.06357890625
2024-12-20 23:02:40,918 - DEBUG - tf.Tensor(
[[294.69623 280.1839  297.53964 276.68332 289.6168  276.14142 287.77277
  278.11383 283.99918 289.39777]], shape=(1, 10), dtype=float32)
2024-12-20 23:02:40,918 - DEBUG - Best moves: [1, 9]
2024-12-20 23:02:42,064 - DEBUG - y_target: 304.47936796875
2024-12-20 23:02:42,066 - DEBUG - tf.Tensor(
[[301.67734 287.38937 304.96732 283.50046 297.52057 282.99313 294.7641
  285.28668 291.1615  296.16458]], shape=(1, 10), dtype=float32)
2024-12-20 23:02:42,067 - DEBUG - Best moves: [3, 9]
2024-12-20 23:02:43,097 - DEBUG - One action takes: 0.022175073623657227
2024-12-20 23:02:43,109 - DEBUG - y_target: 295.36110703125
2024-12-20 23:02:43,110 - DEBUG - tf.Tensor(
[[292.7955  278.62918 295.83444 275.0313  288.18555 274.5067  285.9519
  276.57663 282.39517 287.53137]], shape=(1, 10), dtype=float32)
2024-12-20 23:02:43,110 - DEBUG - Best moves: [4, 9]
2024-12-20 23:02:44,148 - DEBUG - y_target: 296.76781875
2024-12-20 23:02:44,149 - DEBUG - tf.Tensor(
[[294.52664 280.36826 297.2434  276.57315 289.7094  276.29492 287.689
  278.02786 283.774   289.16876]], shape=(1, 10), dtype=float32)
2024-12-20 23:02:44,150 - DEBUG - Best moves: [4, 9]
2024-12-20 23:02:45,199 - DEBUG - y_target: 295.36110703125
2024-12-20 23:02:45,200 - DEBUG - tf.Tensor(
[[292.7955  278.62918 295.83444 275.0313  288.18555 274.5067  285.9519
  276.57663 282.39517 287.53137]], shape=(1, 10), dtype=float32)
2024-12-20 23:02:45,202 - DEBUG - Best moves: [4, 9]
2024-12-20 23:02:46,248 - DEBUG - y_target: 299.27381249999996
2024-12-20 23:02:46,249 - DEBUG - tf.Tensor(
[[297.11163 282.5066  299.75342 278.9609  291.93832 278.5755  290.22556
  280.3687  286.26492 291.78656]], shape=(1, 10), dtype=float32)
2024-12-20 23:02:46,250 - DEBUG - Best moves: [4, 9]
2024-12-20 23:02:47,285 - DEBUG - y_target: 297.86716171874997
2024-12-20 23:02:47,286 - DEBUG - tf.Tensor(
[[295.3805  280.76758 298.3445  277.4191  290.41455 276.7873  288.48843
  278.91757 284.8861  290.14917]], shape=(1, 10), dtype=float32)
2024-12-20 23:02:47,286 - DEBUG - Best moves: [4, 9]
2024-12-20 23:02:48,314 - DEBUG - One action takes: 0.019698143005371094
2024-12-20 23:02:48,325 - DEBUG - y_target: 299.27381249999996
2024-12-20 23:02:48,325 - DEBUG - tf.Tensor(
[[297.11163 282.5066  299.75342 278.9609  291.93832 278.5755  290.22556
  280.3687  286.26492 291.78656]], shape=(1, 10), dtype=float32)
2024-12-20 23:02:48,326 - DEBUG - Best moves: [4, 9]
2024-12-20 23:02:49,479 - DEBUG - y_target: 297.86716171874997
2024-12-20 23:02:49,480 - DEBUG - tf.Tensor(
[[295.3805  280.76758 298.3445  277.4191  290.41455 276.7873  288.48843
  278.91757 284.8861  290.14917]], shape=(1, 10), dtype=float32)
2024-12-20 23:02:49,481 - DEBUG - Best moves: [2, 9]
2024-12-20 23:02:50,570 - DEBUG - y_target: 312.28521796875
2024-12-20 23:02:50,571 - DEBUG - tf.Tensor(
[[310.46564 294.8264  312.78568 290.85748 305.38977 290.87445 303.03094
  293.02524 299.14673 304.07016]], shape=(1, 10), dtype=float32)
2024-12-20 23:02:50,571 - DEBUG - Best moves: [2, 9]
2024-12-20 23:02:51,609 - DEBUG - y_target: 302.70419765624996
2024-12-20 23:02:51,609 - DEBUG - tf.Tensor(
[[299.46582 285.42673 303.1893  281.95053 295.27286 280.8477  292.60522
  283.12344 289.1601  294.3646 ]], shape=(1, 10), dtype=float32)
2024-12-20 23:02:51,610 - DEBUG - Best moves: [2, 9]
2024-12-20 23:02:52,651 - DEBUG - y_target: 305.65887421875
2024-12-20 23:02:52,651 - DEBUG - tf.Tensor(
[[302.51724 288.386   306.1487  284.86475 298.29974 283.7297  295.6864
  286.00143 291.99298 297.33218]], shape=(1, 10), dtype=float32)
2024-12-20 23:02:52,652 - DEBUG - Best moves: [2, 9]
2024-12-20 23:02:53,682 - DEBUG - One action takes: 0.02328181266784668
2024-12-20 23:02:53,693 - DEBUG - y_target: 302.70419765624996
2024-12-20 23:02:53,693 - DEBUG - tf.Tensor(
[[299.46582 285.42673 303.1893  281.95053 295.27286 280.8477  292.60522
  283.12344 289.1601  294.3646 ]], shape=(1, 10), dtype=float32)
2024-12-20 23:02:53,694 - DEBUG - Best moves: [1, 9]
2024-12-20 23:02:54,736 - DEBUG - y_target: 305.18868046874996
2024-12-20 23:02:54,737 - DEBUG - tf.Tensor(
[[302.11774 287.9601  305.67776 284.45282 297.82327 283.3587  295.2809
  285.57867 291.5741  296.93726]], shape=(1, 10), dtype=float32)
2024-12-20 23:02:54,737 - DEBUG - Best moves: [0, 9]
2024-12-20 23:02:55,777 - DEBUG - y_target: 299.86798359375
2024-12-20 23:02:55,779 - DEBUG - tf.Tensor(
[[297.70724 282.82355 300.34854 279.59775 292.47842 278.87512 290.76102
  280.83807 286.8557  292.21948]], shape=(1, 10), dtype=float32)
2024-12-20 23:02:55,779 - DEBUG - Best moves: [2, 9]
2024-12-20 23:02:57,158 - DEBUG - y_target: 300.99886171875
2024-12-20 23:02:57,159 - DEBUG - tf.Tensor(
[[298.89908 284.0436  301.48123 280.72034 293.67563 280.07434 291.96976
  281.98163 287.9666  293.41885]], shape=(1, 10), dtype=float32)
2024-12-20 23:02:57,160 - DEBUG - Best moves: [2, 9]
2024-12-20 23:02:58,201 - DEBUG - y_target: 299.11220625
2024-12-20 23:02:58,202 - DEBUG - tf.Tensor(
[[296.93262 282.098   299.59155 278.8563  291.7219  278.1633  289.99124
  280.1226  286.13354 291.48138]], shape=(1, 10), dtype=float32)
2024-12-20 23:02:58,204 - DEBUG - Best moves: [0, 9]
2024-12-20 23:02:59,227 - DEBUG - One action takes: 0.019396305084228516
2024-12-20 23:02:59,239 - DEBUG - y_target: 300.2756859375
2024-12-20 23:02:59,239 - DEBUG - tf.Tensor(
[[298.10898 283.3237  300.7569  280.00647 292.91757 279.3588  291.22406
  281.28534 287.24878 292.7169 ]], shape=(1, 10), dtype=float32)
2024-12-20 23:02:59,240 - DEBUG - Best moves: [4, 9]
2024-12-20 23:03:00,326 - DEBUG - y_target: 295.991353125
2024-12-20 23:03:00,328 - DEBUG - tf.Tensor(
[[293.80045 279.27155 296.4657  275.81668 288.58298 275.44943 286.88474
  277.16794 283.13165 288.54706]], shape=(1, 10), dtype=float32)
2024-12-20 23:03:00,332 - DEBUG - Best moves: [4, 9]
2024-12-20 23:03:01,388 - DEBUG - y_target: 300.2756859375
2024-12-20 23:03:01,389 - DEBUG - tf.Tensor(
[[298.10898 283.3237  300.7569  280.00647 292.91757 279.3588  291.22406
  281.28534 287.24878 292.7169 ]], shape=(1, 10), dtype=float32)
2024-12-20 23:03:01,391 - DEBUG - Best moves: [4, 9]
2024-12-20 23:03:02,457 - DEBUG - y_target: 295.991353125
2024-12-20 23:03:02,474 - DEBUG - tf.Tensor(
[[293.80045 279.27155 296.4657  275.81668 288.58298 275.44943 286.88474
  277.16794 283.13165 288.54706]], shape=(1, 10), dtype=float32)
2024-12-20 23:03:02,487 - DEBUG - Best moves: [4, 9]
2024-12-20 23:03:03,537 - DEBUG - y_target: 300.2756859375
2024-12-20 23:03:03,537 - DEBUG - tf.Tensor(
[[298.10898 283.3237  300.7569  280.00647 292.91757 279.3588  291.22406
  281.28534 287.24878 292.7169 ]], shape=(1, 10), dtype=float32)
2024-12-20 23:03:03,539 - DEBUG - Best moves: [4, 9]
2024-12-20 23:03:04,587 - DEBUG - One action takes: 0.037102699279785156
2024-12-20 23:03:04,609 - DEBUG - y_target: 295.991353125
2024-12-20 23:03:04,610 - DEBUG - tf.Tensor(
[[293.80045 279.27155 296.4657  275.81668 288.58298 275.44943 286.88474
  277.16794 283.13165 288.54706]], shape=(1, 10), dtype=float32)
2024-12-20 23:03:04,612 - DEBUG - Best moves: [4, 9]
2024-12-20 23:03:05,674 - DEBUG - y_target: 300.2756859375
2024-12-20 23:03:05,675 - DEBUG - tf.Tensor(
[[298.10898 283.3237  300.7569  280.00647 292.91757 279.3588  291.22406
  281.28534 287.24878 292.7169 ]], shape=(1, 10), dtype=float32)
2024-12-20 23:03:05,676 - DEBUG - Best moves: [4, 9]
2024-12-20 23:03:06,729 - DEBUG - y_target: 295.991353125
2024-12-20 23:03:06,730 - DEBUG - tf.Tensor(
[[293.80045 279.27155 296.4657  275.81668 288.58298 275.44943 286.88474
  277.16794 283.13165 288.54706]], shape=(1, 10), dtype=float32)
2024-12-20 23:03:06,731 - DEBUG - Best moves: [4, 9]
2024-12-20 23:03:07,782 - DEBUG - y_target: 300.2756859375
2024-12-20 23:03:07,783 - DEBUG - tf.Tensor(
[[298.10898 283.3237  300.7569  280.00647 292.91757 279.3588  291.22406
  281.28534 287.24878 292.7169 ]], shape=(1, 10), dtype=float32)
2024-12-20 23:03:07,784 - DEBUG - Best moves: [4, 9]
2024-12-20 23:03:08,899 - DEBUG - y_target: 295.991353125
2024-12-20 23:03:08,901 - DEBUG - tf.Tensor(
[[293.80045 279.27155 296.4657  275.81668 288.58298 275.44943 286.88474
  277.16794 283.13165 288.54706]], shape=(1, 10), dtype=float32)
2024-12-20 23:03:08,903 - DEBUG - Best moves: [4, 9]
2024-12-20 23:03:09,991 - DEBUG - One action takes: 0.025175094604492188
2024-12-20 23:03:10,008 - DEBUG - y_target: 300.2756859375
2024-12-20 23:03:10,009 - DEBUG - tf.Tensor(
[[298.10898 283.3237  300.7569  280.00647 292.91757 279.3588  291.22406
  281.28534 287.24878 292.7169 ]], shape=(1, 10), dtype=float32)
2024-12-20 23:03:10,012 - DEBUG - Best moves: [4, 9]
2024-12-20 23:03:11,073 - DEBUG - y_target: 295.991353125
2024-12-20 23:03:11,075 - DEBUG - tf.Tensor(
[[293.80045 279.27155 296.4657  275.81668 288.58298 275.44943 286.88474
  277.16794 283.13165 288.54706]], shape=(1, 10), dtype=float32)
2024-12-20 23:03:11,076 - DEBUG - Best moves: [4, 9]
2024-12-20 23:03:12,127 - DEBUG - y_target: 300.2756859375
2024-12-20 23:03:12,128 - DEBUG - tf.Tensor(
[[298.10898 283.3237  300.7569  280.00647 292.91757 279.3588  291.22406
  281.28534 287.24878 292.7169 ]], shape=(1, 10), dtype=float32)
2024-12-20 23:03:12,130 - DEBUG - Best moves: [4, 9]
2024-12-20 23:03:13,176 - DEBUG - y_target: 295.991353125
2024-12-20 23:03:13,177 - DEBUG - tf.Tensor(
[[293.80045 279.27155 296.4657  275.81668 288.58298 275.44943 286.88474
  277.16794 283.13165 288.54706]], shape=(1, 10), dtype=float32)
2024-12-20 23:03:13,178 - DEBUG - Best moves: [4, 9]
2024-12-20 23:03:14,597 - DEBUG - y_target: 300.2756859375
2024-12-20 23:03:14,603 - DEBUG - tf.Tensor(
[[298.10898 283.3237  300.7569  280.00647 292.91757 279.3588  291.22406
  281.28534 287.24878 292.7169 ]], shape=(1, 10), dtype=float32)
2024-12-20 23:03:14,606 - DEBUG - Best moves: [4, 9]
2024-12-20 23:03:15,644 - DEBUG - One action takes: 0.028376102447509766
2024-12-20 23:03:15,661 - DEBUG - y_target: 295.991353125
2024-12-20 23:03:15,662 - DEBUG - tf.Tensor(
[[293.80045 279.27155 296.4657  275.81668 288.58298 275.44943 286.88474
  277.16794 283.13165 288.54706]], shape=(1, 10), dtype=float32)
2024-12-20 23:03:15,664 - DEBUG - Best moves: [4, 9]
2024-12-20 23:03:16,808 - DEBUG - y_target: 300.2756859375
2024-12-20 23:03:16,809 - DEBUG - tf.Tensor(
[[298.10898 283.3237  300.7569  280.00647 292.91757 279.3588  291.22406
  281.28534 287.24878 292.7169 ]], shape=(1, 10), dtype=float32)
2024-12-20 23:03:16,810 - DEBUG - Best moves: [2, 9]
2024-12-20 23:03:17,849 - DEBUG - y_target: 298.14464062499997
2024-12-20 23:03:17,850 - DEBUG - tf.Tensor(
[[295.9192  281.15918 298.62244 277.91547 290.73087 277.24927 289.00006
  279.19788 285.20578 290.5516 ]], shape=(1, 10), dtype=float32)
2024-12-20 23:03:17,851 - DEBUG - Best moves: [4, 9]
2024-12-20 23:03:18,884 - DEBUG - y_target: 298.77701953125
2024-12-20 23:03:18,885 - DEBUG - tf.Tensor(
[[296.68753 282.077   299.25583 278.57138 291.4401  278.1903  289.7957
  279.8826  285.8113  291.3588 ]], shape=(1, 10), dtype=float32)
2024-12-20 23:03:18,887 - DEBUG - Best moves: [4, 9]
2024-12-20 23:03:19,947 - DEBUG - y_target: 298.14464062499997
2024-12-20 23:03:19,953 - DEBUG - tf.Tensor(
[[295.9192  281.15918 298.62244 277.91547 290.73087 277.24927 289.00006
  279.19788 285.20578 290.5516 ]], shape=(1, 10), dtype=float32)
2024-12-20 23:03:19,968 - DEBUG - Best moves: [4, 9]
2024-12-20 23:03:21,006 - DEBUG - One action takes: 0.03199625015258789
2024-12-20 23:03:21,027 - DEBUG - y_target: 298.77701953125
2024-12-20 23:03:21,029 - DEBUG - tf.Tensor(
[[296.68753 282.077   299.25583 278.57138 291.4401  278.1903  289.7957
  279.8826  285.8113  291.3588 ]], shape=(1, 10), dtype=float32)
2024-12-20 23:03:21,030 - DEBUG - Best moves: [4, 9]
2024-12-20 23:03:22,083 - DEBUG - y_target: 298.14464062499997
2024-12-20 23:03:22,085 - DEBUG - tf.Tensor(
[[295.9192  281.15918 298.62244 277.91547 290.73087 277.24927 289.00006
  279.19788 285.20578 290.5516 ]], shape=(1, 10), dtype=float32)
2024-12-20 23:03:22,086 - DEBUG - Best moves: [4, 9]
2024-12-20 23:03:23,135 - DEBUG - y_target: 298.77701953125
2024-12-20 23:03:23,136 - DEBUG - tf.Tensor(
[[296.68753 282.077   299.25583 278.57138 291.4401  278.1903  289.7957
  279.8826  285.8113  291.3588 ]], shape=(1, 10), dtype=float32)
2024-12-20 23:03:23,137 - DEBUG - Best moves: [4, 9]
2024-12-20 23:03:24,357 - DEBUG - y_target: 298.14464062499997
2024-12-20 23:03:24,365 - DEBUG - tf.Tensor(
[[295.9192  281.15918 298.62244 277.91547 290.73087 277.24927 289.00006
  279.19788 285.20578 290.5516 ]], shape=(1, 10), dtype=float32)
2024-12-20 23:03:24,371 - DEBUG - Best moves: [2, 9]
2024-12-20 23:03:25,423 - DEBUG - y_target: 300.2756859375
2024-12-20 23:03:25,424 - DEBUG - tf.Tensor(
[[298.10898 283.3237  300.7569  280.00647 292.91757 279.3588  291.22406
  281.28534 287.24878 292.7169 ]], shape=(1, 10), dtype=float32)
2024-12-20 23:03:25,425 - DEBUG - Best moves: [4, 9]
2024-12-20 23:03:26,461 - DEBUG - One action takes: 0.025663137435913086
2024-12-20 23:03:26,479 - DEBUG - y_target: 295.991353125
2024-12-20 23:03:26,480 - DEBUG - tf.Tensor(
[[293.80045 279.27155 296.4657  275.81668 288.58298 275.44943 286.88474
  277.16794 283.13165 288.54706]], shape=(1, 10), dtype=float32)
2024-12-20 23:03:26,481 - DEBUG - Best moves: [4, 9]
2024-12-20 23:03:27,552 - DEBUG - y_target: 300.2756859375
2024-12-20 23:03:27,553 - DEBUG - tf.Tensor(
[[298.10898 283.3237  300.7569  280.00647 292.91757 279.3588  291.22406
  281.28534 287.24878 292.7169 ]], shape=(1, 10), dtype=float32)
2024-12-20 23:03:27,555 - DEBUG - Best moves: [4, 9]
2024-12-20 23:03:28,623 - DEBUG - y_target: 295.991353125
2024-12-20 23:03:28,625 - DEBUG - tf.Tensor(
[[293.80045 279.27155 296.4657  275.81668 288.58298 275.44943 286.88474
  277.16794 283.13165 288.54706]], shape=(1, 10), dtype=float32)
2024-12-20 23:03:28,626 - DEBUG - Best moves: [4, 9]
2024-12-20 23:03:29,691 - DEBUG - y_target: 300.2756859375
2024-12-20 23:03:29,692 - DEBUG - tf.Tensor(
[[298.10898 283.3237  300.7569  280.00647 292.91757 279.3588  291.22406
  281.28534 287.24878 292.7169 ]], shape=(1, 10), dtype=float32)
2024-12-20 23:03:29,693 - DEBUG - Best moves: [4, 9]
2024-12-20 23:03:30,749 - DEBUG - y_target: 295.991353125
2024-12-20 23:03:30,751 - DEBUG - tf.Tensor(
[[293.80045 279.27155 296.4657  275.81668 288.58298 275.44943 286.88474
  277.16794 283.13165 288.54706]], shape=(1, 10), dtype=float32)
2024-12-20 23:03:30,752 - DEBUG - Best moves: [4, 9]
2024-12-20 23:03:31,781 - DEBUG - One action takes: 0.024319171905517578
2024-12-20 23:03:31,802 - DEBUG - y_target: 300.2756859375
2024-12-20 23:03:31,803 - DEBUG - tf.Tensor(
[[298.10898 283.3237  300.7569  280.00647 292.91757 279.3588  291.22406
  281.28534 287.24878 292.7169 ]], shape=(1, 10), dtype=float32)
2024-12-20 23:03:31,805 - DEBUG - Best moves: [4, 9]
2024-12-20 23:03:32,842 - DEBUG - y_target: 295.991353125
2024-12-20 23:03:32,844 - DEBUG - tf.Tensor(
[[293.80045 279.27155 296.4657  275.81668 288.58298 275.44943 286.88474
  277.16794 283.13165 288.54706]], shape=(1, 10), dtype=float32)
2024-12-20 23:03:32,845 - DEBUG - Best moves: [4, 9]
2024-12-20 23:03:33,899 - DEBUG - y_target: 300.2756859375
2024-12-20 23:03:33,901 - DEBUG - tf.Tensor(
[[298.10898 283.3237  300.7569  280.00647 292.91757 279.3588  291.22406
  281.28534 287.24878 292.7169 ]], shape=(1, 10), dtype=float32)
2024-12-20 23:03:33,903 - DEBUG - Best moves: [4, 9]
2024-12-20 23:03:34,976 - DEBUG - y_target: 295.991353125
2024-12-20 23:03:34,978 - DEBUG - tf.Tensor(
[[293.80045 279.27155 296.4657  275.81668 288.58298 275.44943 286.88474
  277.16794 283.13165 288.54706]], shape=(1, 10), dtype=float32)
2024-12-20 23:03:34,982 - DEBUG - Best moves: [4, 9]
2024-12-20 23:03:36,028 - DEBUG - y_target: 300.2756859375
2024-12-20 23:03:36,029 - DEBUG - tf.Tensor(
[[298.10898 283.3237  300.7569  280.00647 292.91757 279.3588  291.22406
  281.28534 287.24878 292.7169 ]], shape=(1, 10), dtype=float32)
2024-12-20 23:03:36,031 - DEBUG - Best moves: [4, 9]
2024-12-20 23:03:37,060 - DEBUG - One action takes: 0.021001100540161133
2024-12-20 23:03:37,073 - DEBUG - y_target: 295.991353125
2024-12-20 23:03:37,073 - DEBUG - tf.Tensor(
[[293.80045 279.27155 296.4657  275.81668 288.58298 275.44943 286.88474
  277.16794 283.13165 288.54706]], shape=(1, 10), dtype=float32)
2024-12-20 23:03:37,074 - DEBUG - Best moves: [4, 9]
2024-12-20 23:03:38,155 - DEBUG - y_target: 300.2756859375
2024-12-20 23:03:38,159 - DEBUG - tf.Tensor(
[[298.10898 283.3237  300.7569  280.00647 292.91757 279.3588  291.22406
  281.28534 287.24878 292.7169 ]], shape=(1, 10), dtype=float32)
2024-12-20 23:03:38,161 - DEBUG - Best moves: [4, 9]
2024-12-20 23:03:39,255 - DEBUG - y_target: 295.991353125
2024-12-20 23:03:39,257 - DEBUG - tf.Tensor(
[[293.80045 279.27155 296.4657  275.81668 288.58298 275.44943 286.88474
  277.16794 283.13165 288.54706]], shape=(1, 10), dtype=float32)
2024-12-20 23:03:39,259 - DEBUG - Best moves: [4, 9]
2024-12-20 23:03:40,355 - DEBUG - y_target: 300.2756859375
2024-12-20 23:03:40,361 - DEBUG - tf.Tensor(
[[298.10898 283.3237  300.7569  280.00647 292.91757 279.3588  291.22406
  281.28534 287.24878 292.7169 ]], shape=(1, 10), dtype=float32)
2024-12-20 23:03:40,368 - DEBUG - Best moves: [4, 9]
2024-12-20 23:03:41,437 - DEBUG - y_target: 295.991353125
2024-12-20 23:03:41,439 - DEBUG - tf.Tensor(
[[293.80045 279.27155 296.4657  275.81668 288.58298 275.44943 286.88474
  277.16794 283.13165 288.54706]], shape=(1, 10), dtype=float32)
2024-12-20 23:03:41,440 - DEBUG - Best moves: [4, 9]
2024-12-20 23:03:42,482 - DEBUG - One action takes: 0.03140997886657715
2024-12-20 23:03:42,501 - DEBUG - y_target: 300.2756859375
2024-12-20 23:03:42,502 - DEBUG - tf.Tensor(
[[298.10898 283.3237  300.7569  280.00647 292.91757 279.3588  291.22406
  281.28534 287.24878 292.7169 ]], shape=(1, 10), dtype=float32)
2024-12-20 23:03:42,504 - DEBUG - Best moves: [4, 9]
2024-12-20 23:03:43,563 - DEBUG - y_target: 295.991353125
2024-12-20 23:03:43,565 - DEBUG - tf.Tensor(
[[293.80045 279.27155 296.4657  275.81668 288.58298 275.44943 286.88474
  277.16794 283.13165 288.54706]], shape=(1, 10), dtype=float32)
2024-12-20 23:03:43,566 - DEBUG - Best moves: [4, 9]
2024-12-20 23:03:44,617 - DEBUG - y_target: 300.2756859375
2024-12-20 23:03:44,619 - DEBUG - tf.Tensor(
[[298.10898 283.3237  300.7569  280.00647 292.91757 279.3588  291.22406
  281.28534 287.24878 292.7169 ]], shape=(1, 10), dtype=float32)
2024-12-20 23:03:44,621 - DEBUG - Best moves: [4, 9]
2024-12-20 23:03:45,662 - DEBUG - y_target: 295.991353125
2024-12-20 23:03:45,666 - DEBUG - tf.Tensor(
[[293.80045 279.27155 296.4657  275.81668 288.58298 275.44943 286.88474
  277.16794 283.13165 288.54706]], shape=(1, 10), dtype=float32)
2024-12-20 23:03:45,667 - DEBUG - Best moves: [4, 9]
2024-12-20 23:03:46,709 - DEBUG - y_target: 300.2756859375
2024-12-20 23:03:46,710 - DEBUG - tf.Tensor(
[[298.10898 283.3237  300.7569  280.00647 292.91757 279.3588  291.22406
  281.28534 287.24878 292.7169 ]], shape=(1, 10), dtype=float32)
2024-12-20 23:03:46,710 - DEBUG - Best moves: [4, 9]
2024-12-20 23:03:47,737 - DEBUG - One action takes: 0.02139592170715332
2024-12-20 23:03:47,747 - DEBUG - y_target: 295.991353125
2024-12-20 23:03:47,747 - DEBUG - tf.Tensor(
[[293.80045 279.27155 296.4657  275.81668 288.58298 275.44943 286.88474
  277.16794 283.13165 288.54706]], shape=(1, 10), dtype=float32)
2024-12-20 23:03:47,748 - DEBUG - Best moves: [4, 9]
2024-12-20 23:03:48,788 - DEBUG - y_target: 300.2756859375
2024-12-20 23:03:48,789 - DEBUG - tf.Tensor(
[[298.10898 283.3237  300.7569  280.00647 292.91757 279.3588  291.22406
  281.28534 287.24878 292.7169 ]], shape=(1, 10), dtype=float32)
2024-12-20 23:03:48,790 - DEBUG - Best moves: [4, 9]
2024-12-20 23:03:49,832 - DEBUG - y_target: 295.991353125
2024-12-20 23:03:49,832 - DEBUG - tf.Tensor(
[[293.80045 279.27155 296.4657  275.81668 288.58298 275.44943 286.88474
  277.16794 283.13165 288.54706]], shape=(1, 10), dtype=float32)
2024-12-20 23:03:49,833 - DEBUG - Best moves: [4, 9]
2024-12-20 23:03:50,866 - DEBUG - y_target: 300.2756859375
2024-12-20 23:03:50,867 - DEBUG - tf.Tensor(
[[298.10898 283.3237  300.7569  280.00647 292.91757 279.3588  291.22406
  281.28534 287.24878 292.7169 ]], shape=(1, 10), dtype=float32)
2024-12-20 23:03:50,868 - DEBUG - Best moves: [4, 9]
2024-12-20 23:03:51,903 - DEBUG - y_target: 295.991353125
2024-12-20 23:03:51,903 - DEBUG - tf.Tensor(
[[293.80045 279.27155 296.4657  275.81668 288.58298 275.44943 286.88474
  277.16794 283.13165 288.54706]], shape=(1, 10), dtype=float32)
2024-12-20 23:03:51,904 - DEBUG - Best moves: [4, 9]
2024-12-20 23:03:52,930 - DEBUG - One action takes: 0.019013166427612305
2024-12-20 23:03:52,940 - DEBUG - y_target: 300.2756859375
2024-12-20 23:03:52,941 - DEBUG - tf.Tensor(
[[298.10898 283.3237  300.7569  280.00647 292.91757 279.3588  291.22406
  281.28534 287.24878 292.7169 ]], shape=(1, 10), dtype=float32)
2024-12-20 23:03:52,942 - DEBUG - Best moves: [4, 9]
2024-12-20 23:03:53,982 - DEBUG - y_target: 295.991353125
2024-12-20 23:03:53,983 - DEBUG - tf.Tensor(
[[293.80045 279.27155 296.4657  275.81668 288.58298 275.44943 286.88474
  277.16794 283.13165 288.54706]], shape=(1, 10), dtype=float32)
2024-12-20 23:03:53,983 - DEBUG - Best moves: [4, 9]
2024-12-20 23:03:55,087 - DEBUG - y_target: 300.2756859375
2024-12-20 23:03:55,088 - DEBUG - tf.Tensor(
[[298.10898 283.3237  300.7569  280.00647 292.91757 279.3588  291.22406
  281.28534 287.24878 292.7169 ]], shape=(1, 10), dtype=float32)
2024-12-20 23:03:55,089 - DEBUG - Best moves: [2, 9]
2024-12-20 23:03:56,124 - DEBUG - y_target: 298.14464062499997
2024-12-20 23:03:56,124 - DEBUG - tf.Tensor(
[[295.9192  281.15918 298.62244 277.91547 290.73087 277.24927 289.00006
  279.19788 285.20578 290.5516 ]], shape=(1, 10), dtype=float32)
2024-12-20 23:03:56,125 - DEBUG - Best moves: [4, 9]
2024-12-20 23:03:57,151 - DEBUG - y_target: 298.77701953125
2024-12-20 23:03:57,151 - DEBUG - tf.Tensor(
[[296.68753 282.077   299.25583 278.57138 291.4401  278.1903  289.7957
  279.8826  285.8113  291.3588 ]], shape=(1, 10), dtype=float32)
2024-12-20 23:03:57,152 - DEBUG - Best moves: [4, 9]
2024-12-20 23:03:58,178 - DEBUG - One action takes: 0.019500017166137695
2024-12-20 23:03:58,192 - DEBUG - y_target: 298.14464062499997
2024-12-20 23:03:58,193 - DEBUG - tf.Tensor(
[[295.9192  281.15918 298.62244 277.91547 290.73087 277.24927 289.00006
  279.19788 285.20578 290.5516 ]], shape=(1, 10), dtype=float32)
2024-12-20 23:03:58,194 - DEBUG - Best moves: [4, 9]
2024-12-20 23:03:59,233 - DEBUG - y_target: 298.77701953125
2024-12-20 23:03:59,233 - DEBUG - tf.Tensor(
[[296.68753 282.077   299.25583 278.57138 291.4401  278.1903  289.7957
  279.8826  285.8113  291.3588 ]], shape=(1, 10), dtype=float32)
2024-12-20 23:03:59,234 - DEBUG - Best moves: [4, 9]
2024-12-20 23:03:59,845 - DEBUG - Play the new game #2
2024-12-20 23:04:00,895 - DEBUG - y_target: 288.54274921875
2024-12-20 23:04:00,896 - DEBUG - tf.Tensor(
[[286.31076 272.2692  289.00516 268.61438 281.85663 268.39496 279.41025
  270.36557 276.15305 280.7747 ]], shape=(1, 10), dtype=float32)
2024-12-20 23:04:00,896 - DEBUG - Best moves: [0, 5]
2024-12-20 23:04:01,933 - DEBUG - y_target: 288.2954953125
2024-12-20 23:04:01,934 - DEBUG - tf.Tensor(
[[286.12054 272.0687  288.7575  268.5523  281.40158 268.2519  279.21265
  270.00793 275.9055  280.76962]], shape=(1, 10), dtype=float32)
2024-12-20 23:04:01,934 - DEBUG - Best moves: [1, 6]
2024-12-20 23:04:02,972 - DEBUG - y_target: 288.671053125
2024-12-20 23:04:02,973 - DEBUG - tf.Tensor(
[[286.43674 272.39374 289.13367 268.73642 281.98508 268.51675 279.53534
  270.487   276.27603 280.9    ]], shape=(1, 10), dtype=float32)
2024-12-20 23:04:02,973 - DEBUG - Best moves: [1, 5]
2024-12-20 23:04:04,018 - DEBUG - y_target: 288.23336953125
2024-12-20 23:04:04,021 - DEBUG - tf.Tensor(
[[286.06943 271.97342 288.69528 268.36264 281.51025 268.0996  279.16592
  270.0473  275.82877 280.5026 ]], shape=(1, 10), dtype=float32)
2024-12-20 23:04:04,022 - DEBUG - Best moves: [3, 7]
2024-12-20 23:04:05,048 - DEBUG - One action takes: 0.021130800247192383
2024-12-20 23:04:05,066 - DEBUG - y_target: 286.6145953125
2024-12-20 23:04:05,066 - DEBUG - tf.Tensor(
[[284.33655 270.41577 287.0739  266.8913  279.79712 266.54486 277.54108
  268.4628  274.22156 279.0023 ]], shape=(1, 10), dtype=float32)
2024-12-20 23:04:05,067 - DEBUG - Best moves: [0, 6]
2024-12-20 23:04:06,100 - DEBUG - y_target: 287.44093828125
2024-12-20 23:04:06,100 - DEBUG - tf.Tensor(
[[285.14154 271.1998  287.90158 267.62927 280.68292 267.2885  278.3149
  269.2419  275.0158  279.71484]], shape=(1, 10), dtype=float32)
2024-12-20 23:04:06,101 - DEBUG - Best moves: [3, 5]
2024-12-20 23:04:07,125 - DEBUG - y_target: 286.4996671875
2024-12-20 23:04:07,126 - DEBUG - tf.Tensor(
[[284.27124 270.30325 286.9588  266.81247 279.65558 266.42404 277.46664
  268.3293  274.08698 278.90173]], shape=(1, 10), dtype=float32)
2024-12-20 23:04:07,127 - DEBUG - Best moves: [1, 6]
2024-12-20 23:04:08,168 - DEBUG - y_target: 287.54998593749997
2024-12-20 23:04:08,169 - DEBUG - tf.Tensor(
[[285.1963  271.3117  288.0108  267.7032  280.83173 267.40213 278.37625
  269.36935 275.14633 279.7981 ]], shape=(1, 10), dtype=float32)
2024-12-20 23:04:08,169 - DEBUG - Best moves: [0, 6]
2024-12-20 23:04:09,205 - DEBUG - y_target: 287.27820468749997
2024-12-20 23:04:09,206 - DEBUG - tf.Tensor(
[[284.98297 271.04416 287.7386  267.48212 280.51456 267.13684 278.1597
  269.08746 274.85873 279.56482]], shape=(1, 10), dtype=float32)
2024-12-20 23:04:09,206 - DEBUG - Best moves: [1, 5]
2024-12-20 23:04:10,226 - DEBUG - One action takes: 0.017045021057128906
2024-12-20 23:04:10,237 - DEBUG - y_target: 286.63561875
2024-12-20 23:04:10,237 - DEBUG - tf.Tensor(
[[284.35046 270.43475 287.09497 266.90878 279.8236  266.55963 277.55624
  268.48285 274.2412  279.01465]], shape=(1, 10), dtype=float32)
2024-12-20 23:04:10,238 - DEBUG - Best moves: [1, 8]
2024-12-20 23:04:11,264 - DEBUG - y_target: 286.4989359375
2024-12-20 23:04:11,265 - DEBUG - tf.Tensor(
[[284.21667 270.29834 286.95807 266.7685  279.7078  266.41537 277.42438
  268.35977 274.1063  278.85428]], shape=(1, 10), dtype=float32)
2024-12-20 23:04:11,266 - DEBUG - Best moves: [1, 5]
2024-12-20 23:04:12,291 - DEBUG - y_target: 286.44619453125
2024-12-20 23:04:12,294 - DEBUG - tf.Tensor(
[[284.1636  270.2512  286.90524 266.72046 279.65833 266.3699  277.37445
  268.31238 274.0563  278.80365]], shape=(1, 10), dtype=float32)
2024-12-20 23:04:12,295 - DEBUG - Best moves: [3, 5]
2024-12-20 23:04:13,324 - DEBUG - y_target: 286.44619453125
2024-12-20 23:04:13,324 - DEBUG - tf.Tensor(
[[284.1636  270.2512  286.90524 266.72046 279.65833 266.3699  277.37445
  268.31238 274.0563  278.80365]], shape=(1, 10), dtype=float32)
2024-12-20 23:04:13,325 - DEBUG - Best moves: [0, 5]
2024-12-20 23:04:14,352 - DEBUG - y_target: 286.40993671875
2024-12-20 23:04:14,353 - DEBUG - tf.Tensor(
[[284.1768  270.20847 286.86893 266.71472 279.57635 266.3165  277.38135
  268.24905 273.9871  278.78998]], shape=(1, 10), dtype=float32)
2024-12-20 23:04:14,354 - DEBUG - Best moves: [3, 5]
2024-12-20 23:04:15,371 - DEBUG - One action takes: 0.018107891082763672
2024-12-20 23:04:15,381 - DEBUG - y_target: 286.40993671875
2024-12-20 23:04:15,382 - DEBUG - tf.Tensor(
[[284.1768  270.20847 286.86893 266.71472 279.57635 266.3165  277.38135
  268.24905 273.9871  278.78998]], shape=(1, 10), dtype=float32)
2024-12-20 23:04:15,382 - DEBUG - Best moves: [3, 7]
2024-12-20 23:04:16,420 - DEBUG - y_target: 286.66282734375
2024-12-20 23:04:16,422 - DEBUG - tf.Tensor(
[[284.43756 270.4532  287.12222 266.95938 279.7985  266.56827 277.62982
  268.4802  274.23212 279.06927]], shape=(1, 10), dtype=float32)
2024-12-20 23:04:16,424 - DEBUG - Best moves: [3, 9]
2024-12-20 23:04:17,459 - DEBUG - y_target: 289.70251171875
2024-12-20 23:04:17,460 - DEBUG - tf.Tensor(
[[287.46002 273.24515 290.16678 269.78232 282.6973  269.23215 280.75638
  271.37552 276.9909  282.05313]], shape=(1, 10), dtype=float32)
2024-12-20 23:04:17,460 - DEBUG - Best moves: [0, 5]
2024-12-20 23:04:18,495 - DEBUG - y_target: 289.34160937499996
2024-12-20 23:04:18,496 - DEBUG - tf.Tensor(
[[287.10715 272.91907 289.8053  269.44794 282.36206 268.93088 280.40424
  271.04782 276.6697  281.7083 ]], shape=(1, 10), dtype=float32)
2024-12-20 23:04:18,496 - DEBUG - Best moves: [3, 5]
2024-12-20 23:04:19,524 - DEBUG - y_target: 289.34160937499996
2024-12-20 23:04:19,538 - DEBUG - tf.Tensor(
[[287.10715 272.91907 289.8053  269.44794 282.36206 268.93088 280.40424
  271.04782 276.6697  281.7083 ]], shape=(1, 10), dtype=float32)
2024-12-20 23:04:19,540 - DEBUG - Best moves: [3, 6]
2024-12-20 23:04:20,561 - DEBUG - One action takes: 0.016535043716430664
2024-12-20 23:04:20,572 - DEBUG - y_target: 294.43248046875
2024-12-20 23:04:20,573 - DEBUG - tf.Tensor(
[[291.6792  277.76443 294.90433 273.9527  287.84366 273.4858  284.93436
  275.91998 281.59393 286.1284 ]], shape=(1, 10), dtype=float32)
2024-12-20 23:04:20,573 - DEBUG - Best moves: [2, 7]
2024-12-20 23:04:21,604 - DEBUG - y_target: 297.99382031249996
2024-12-20 23:04:21,605 - DEBUG - tf.Tensor(
[[295.94012 281.37177 298.47137 277.64096 291.28555 277.16568 288.86908
  279.4932  285.10458 290.01715]], shape=(1, 10), dtype=float32)
2024-12-20 23:04:21,606 - DEBUG - Best moves: [4, 6]
2024-12-20 23:04:22,631 - DEBUG - y_target: 300.15134296875
2024-12-20 23:04:22,631 - DEBUG - tf.Tensor(
[[297.95255 283.07333 300.63235 279.58188 293.16876 278.804   290.87302
  281.3994  287.1081  292.07114]], shape=(1, 10), dtype=float32)
2024-12-20 23:04:22,632 - DEBUG - Best moves: [2, 7]
2024-12-20 23:04:23,664 - DEBUG - y_target: 296.03635546875
2024-12-20 23:04:23,665 - DEBUG - tf.Tensor(
[[292.83676 279.10156 296.51077 275.63947 289.01852 274.4297  286.16153
  276.9921  282.7434  287.60815]], shape=(1, 10), dtype=float32)
2024-12-20 23:04:23,666 - DEBUG - Best moves: [1, 7]
2024-12-20 23:04:24,698 - DEBUG - y_target: 300.49740703124996
2024-12-20 23:04:24,698 - DEBUG - tf.Tensor(
[[296.76645 283.34778 300.97897 279.54245 293.89542 278.3994  290.07172
  281.2871  287.0727  291.40747]], shape=(1, 10), dtype=float32)
2024-12-20 23:04:24,699 - DEBUG - Best moves: [1, 5]
2024-12-20 23:04:25,721 - DEBUG - One action takes: 0.016133785247802734
2024-12-20 23:04:25,733 - DEBUG - y_target: 297.82316484374996
2024-12-20 23:04:25,735 - DEBUG - tf.Tensor(
[[295.21005 280.90552 298.30045 277.36893 291.26816 276.58548 288.4497
  279.17157 284.90894 289.42856]], shape=(1, 10), dtype=float32)
2024-12-20 23:04:25,738 - DEBUG - Best moves: [1, 8]
2024-12-20 23:04:26,776 - DEBUG - y_target: 298.94679140625
2024-12-20 23:04:26,777 - DEBUG - tf.Tensor(
[[296.26068 281.92282 299.42587 278.31107 292.01547 277.74747 289.3253
  280.08365 286.06424 290.82135]], shape=(1, 10), dtype=float32)
2024-12-20 23:04:26,778 - DEBUG - Best moves: [3, 7]
2024-12-20 23:04:27,809 - DEBUG - y_target: 292.31377499999996
2024-12-20 23:04:27,810 - DEBUG - tf.Tensor(
[[289.868   275.67065 292.78223 272.34927 285.6148  271.48825 283.2271
  273.92703 279.58057 284.30783]], shape=(1, 10), dtype=float32)
2024-12-20 23:04:27,810 - DEBUG - Best moves: [4, 8]
2024-12-20 23:04:28,846 - DEBUG - y_target: 292.34863125
2024-12-20 23:04:28,847 - DEBUG - tf.Tensor(
[[290.09305 275.9267  292.81714 272.38162 285.32233 272.0109  283.24216
  273.85098 279.72055 284.82858]], shape=(1, 10), dtype=float32)
2024-12-20 23:04:28,847 - DEBUG - Best moves: [4, 8]
2024-12-20 23:04:29,877 - DEBUG - y_target: 292.24125937499997
2024-12-20 23:04:29,878 - DEBUG - tf.Tensor(
[[289.642   275.48227 292.7096  272.1204  285.2026  271.35052 282.945
  273.7318  279.47028 284.41025]], shape=(1, 10), dtype=float32)
2024-12-20 23:04:29,878 - DEBUG - Best moves: [4, 8]
2024-12-20 23:04:30,908 - DEBUG - One action takes: 0.02351093292236328
2024-12-20 23:04:30,919 - DEBUG - y_target: 290.69883984374997
2024-12-20 23:04:30,919 - DEBUG - tf.Tensor(
[[288.319   274.2667  291.1647  270.754   283.6988  270.26205 281.6043
  272.30695 278.01712 283.08768]], shape=(1, 10), dtype=float32)
2024-12-20 23:04:30,920 - DEBUG - Best moves: [4, 8]
2024-12-20 23:04:31,954 - DEBUG - y_target: 292.24125937499997
2024-12-20 23:04:31,955 - DEBUG - tf.Tensor(
[[289.642   275.48227 292.7096  272.1204  285.2026  271.35052 282.945
  273.7318  279.47028 284.41025]], shape=(1, 10), dtype=float32)
2024-12-20 23:04:31,955 - DEBUG - Best moves: [4, 6]
2024-12-20 23:04:32,991 - DEBUG - y_target: 294.16008984375
2024-12-20 23:04:32,992 - DEBUG - tf.Tensor(
[[291.55237 277.73724 294.6315  273.65875 287.94897 273.53076 284.67422
  275.70453 281.5028  285.68298]], shape=(1, 10), dtype=float32)
2024-12-20 23:04:32,992 - DEBUG - Best moves: [4, 7]
2024-12-20 23:04:34,031 - DEBUG - y_target: 297.23661093749996
2024-12-20 23:04:34,031 - DEBUG - tf.Tensor(
[[294.06088 280.3358  297.71295 276.72424 290.49738 275.64    287.32877
  278.36624 284.02686 288.6748 ]], shape=(1, 10), dtype=float32)
2024-12-20 23:04:34,032 - DEBUG - Best moves: [4, 7]
2024-12-20 23:04:35,069 - DEBUG - y_target: 292.79618671875
2024-12-20 23:04:35,070 - DEBUG - tf.Tensor(
[[289.6265  276.33627 293.2654  272.62476 286.09238 271.71213 283.00763
  274.03848 279.6956  284.4245 ]], shape=(1, 10), dtype=float32)
2024-12-20 23:04:35,071 - DEBUG - Best moves: [4, 7]
2024-12-20 23:04:36,155 - DEBUG - One action takes: 0.07531595230102539
2024-12-20 23:04:36,165 - DEBUG - y_target: 294.33857578125
2024-12-20 23:04:36,166 - DEBUG - tf.Tensor(
[[290.94955 277.5519  294.81027 273.9911  287.5962  272.8006  284.34836
  275.46338 281.14874 285.74716]], shape=(1, 10), dtype=float32)
2024-12-20 23:04:36,166 - DEBUG - Best moves: [2, 6]
2024-12-20 23:04:37,204 - DEBUG - y_target: 304.60977421875
2024-12-20 23:04:37,205 - DEBUG - tf.Tensor(
[[301.74194 287.4876  305.09793 283.412   298.2941  282.82452 294.6039
  285.51352 291.38843 295.55466]], shape=(1, 10), dtype=float32)
2024-12-20 23:04:37,206 - DEBUG - Best moves: [0, 8]
2024-12-20 23:04:38,233 - DEBUG - y_target: 305.00023125
2024-12-20 23:04:38,234 - DEBUG - tf.Tensor(
[[302.91803 288.05347 305.489   284.06235 298.42386 284.12125 295.45413
  285.96024 292.34512 296.81442]], shape=(1, 10), dtype=float32)
2024-12-20 23:04:38,235 - DEBUG - Best moves: [0, 6]
2024-12-20 23:04:39,260 - DEBUG - y_target: 301.2152203125
2024-12-20 23:04:39,261 - DEBUG - tf.Tensor(
[[298.99527 284.39108 301.69794 280.39877 294.7583  280.34857 291.7108
  282.4055  288.55423 292.90482]], shape=(1, 10), dtype=float32)
2024-12-20 23:04:39,262 - DEBUG - Best moves: [1, 7]
2024-12-20 23:04:40,300 - DEBUG - y_target: 306.5209875
2024-12-20 23:04:40,301 - DEBUG - tf.Tensor(
[[303.72485 289.34207 307.0122  285.17773 300.2707  284.6948  296.53128
  287.39764 293.27203 297.3978 ]], shape=(1, 10), dtype=float32)
2024-12-20 23:04:40,301 - DEBUG - Best moves: [1, 6]
2024-12-20 23:04:41,325 - DEBUG - One action takes: 0.017381906509399414
2024-12-20 23:04:41,336 - DEBUG - y_target: 304.99782421875
2024-12-20 23:04:41,336 - DEBUG - tf.Tensor(
[[302.1921  287.85522 305.4866  283.77518 298.67963 283.21262 295.03287
  285.91513 291.77975 295.95917]], shape=(1, 10), dtype=float32)
2024-12-20 23:04:41,337 - DEBUG - Best moves: [1, 8]
2024-12-20 23:04:42,371 - DEBUG - y_target: 303.050109375
2024-12-20 23:04:42,371 - DEBUG - tf.Tensor(
[[301.4101  286.07153 303.53577 282.02893 296.80002 282.14963 294.01346
  284.65048 290.43698 294.68933]], shape=(1, 10), dtype=float32)
2024-12-20 23:04:42,372 - DEBUG - Best moves: [3, 6]
2024-12-20 23:04:43,409 - DEBUG - y_target: 301.06997578125
2024-12-20 23:04:43,410 - DEBUG - tf.Tensor(
[[299.21228 284.17206 301.55246 280.32993 294.48224 280.15884 292.0194
  282.422   288.27335 292.9037 ]], shape=(1, 10), dtype=float32)
2024-12-20 23:04:43,410 - DEBUG - Best moves: [4, 7]
2024-12-20 23:04:44,444 - DEBUG - y_target: 295.08889921875
2024-12-20 23:04:44,445 - DEBUG - tf.Tensor(
[[292.1156  278.68005 295.5618  274.92526 288.29092 274.1006  285.44843
  276.07483 281.8745  286.8271 ]], shape=(1, 10), dtype=float32)
2024-12-20 23:04:44,446 - DEBUG - Best moves: [4, 5]
2024-12-20 23:04:45,474 - DEBUG - y_target: 294.98883984375
2024-12-20 23:04:45,474 - DEBUG - tf.Tensor(
[[292.79898 278.4124  295.46158 275.04782 288.2095  274.26895 286.0834
  276.33298 282.12872 287.0952 ]], shape=(1, 10), dtype=float32)
2024-12-20 23:04:45,475 - DEBUG - Best moves: [4, 6]
2024-12-20 23:04:46,504 - DEBUG - One action takes: 0.02003002166748047
2024-12-20 23:04:46,513 - DEBUG - y_target: 299.96015156249996
2024-12-20 23:04:46,514 - DEBUG - tf.Tensor(
[[296.8286  282.95532 300.44086 279.31906 292.8478  278.35092 290.10556
  280.6125  286.5075  291.53906]], shape=(1, 10), dtype=float32)
2024-12-20 23:04:46,515 - DEBUG - Best moves: [4, 8]
2024-12-20 23:04:47,547 - DEBUG - y_target: 304.77683437499996
2024-12-20 23:04:47,548 - DEBUG - tf.Tensor(
[[302.33093 287.39355 305.26526 283.5195  298.08142 283.23517 295.23618
  285.6766  291.73364 296.17047]], shape=(1, 10), dtype=float32)
2024-12-20 23:04:47,549 - DEBUG - Best moves: [4, 6]
2024-12-20 23:04:48,581 - DEBUG - y_target: 302.79603046874996
2024-12-20 23:04:48,581 - DEBUG - tf.Tensor(
[[300.52246 285.7531  303.28128 281.7471  296.1241  281.6999  293.4327
  283.80237 289.83063 294.40497]], shape=(1, 10), dtype=float32)
2024-12-20 23:04:48,582 - DEBUG - Best moves: [4, 7]
2024-12-20 23:04:49,621 - DEBUG - y_target: 301.59016875
2024-12-20 23:04:49,622 - DEBUG - tf.Tensor(
[[298.24164 284.269   302.0735  280.78378 294.4324  279.53973 291.52655
  282.11273 288.04907 292.96185]], shape=(1, 10), dtype=float32)
2024-12-20 23:04:49,623 - DEBUG - Best moves: [4, 6]
2024-12-20 23:04:50,765 - DEBUG - y_target: 299.90911640625
2024-12-20 23:04:50,766 - DEBUG - tf.Tensor(
[[296.79596 282.92093 300.38974 279.2897  292.78506 278.33154 290.06235
  280.5591  286.46793 291.51654]], shape=(1, 10), dtype=float32)
2024-12-20 23:04:50,768 - DEBUG - Best moves: [2, 6]
2024-12-20 23:04:51,811 - DEBUG - One action takes: 0.032509803771972656
2024-12-20 23:04:51,831 - DEBUG - y_target: 301.04023828124997
2024-12-20 23:04:51,833 - DEBUG - tf.Tensor(
[[298.03397 284.0237  301.52267 280.32867 293.97098 279.46176 291.2068
  281.67316 287.61124 292.59805]], shape=(1, 10), dtype=float32)
2024-12-20 23:04:51,834 - DEBUG - Best moves: [1, 8]
2024-12-20 23:04:52,881 - DEBUG - y_target: 302.9828953125
2024-12-20 23:04:52,881 - DEBUG - tf.Tensor(
[[301.2888  285.94165 303.46844 282.10693 296.10928 282.09326 294.02075
  284.18695 290.11493 295.00262]], shape=(1, 10), dtype=float32)
2024-12-20 23:04:52,882 - DEBUG - Best moves: [3, 5]
2024-12-20 23:04:53,914 - DEBUG - y_target: 301.6659140625
2024-12-20 23:04:53,915 - DEBUG - tf.Tensor(
[[299.70706 284.84378 302.14935 281.2239  294.3214  281.12595 292.50806
  282.5384  288.86618 294.2619 ]], shape=(1, 10), dtype=float32)
2024-12-20 23:04:53,915 - DEBUG - Best moves: [4, 8]
2024-12-20 23:04:54,940 - DEBUG - y_target: 299.32975312499997
2024-12-20 23:04:54,941 - DEBUG - tf.Tensor(
[[296.7754  282.04312 299.80945 278.76282 291.87793 277.94284 289.98306
  280.24344 286.2136  291.47522]], shape=(1, 10), dtype=float32)
2024-12-20 23:04:54,942 - DEBUG - Best moves: [4, 8]
2024-12-20 23:04:55,974 - DEBUG - y_target: 297.78739453124996
2024-12-20 23:04:55,974 - DEBUG - tf.Tensor(
[[295.45236 280.82748 298.26462 277.3965  290.37408 276.85434 288.6424
  278.81857 284.76044 290.1526 ]], shape=(1, 10), dtype=float32)
2024-12-20 23:04:55,975 - DEBUG - Best moves: [4, 5]
2024-12-20 23:04:57,001 - DEBUG - One action takes: 0.02226567268371582
2024-12-20 23:04:57,011 - DEBUG - y_target: 298.672359375
2024-12-20 23:04:57,012 - DEBUG - tf.Tensor(
[[296.13248 281.41977 299.151   278.10812 291.32196 277.3165  289.33295
  279.6615  285.607   290.75217]], shape=(1, 10), dtype=float32)
2024-12-20 23:04:57,013 - DEBUG - Best moves: [4, 9]
2024-12-20 23:04:58,078 - DEBUG - y_target: 294.8717484375
2024-12-20 23:04:58,082 - DEBUG - tf.Tensor(
[[292.5947  278.05746 295.3443  274.5765  287.6324  274.19165 285.65024
  276.06216 282.0946  287.157  ]], shape=(1, 10), dtype=float32)
2024-12-20 23:04:58,085 - DEBUG - Best moves: [4, 9]
2024-12-20 23:04:59,126 - DEBUG - y_target: 298.672359375
2024-12-20 23:04:59,126 - DEBUG - tf.Tensor(
[[296.13248 281.41977 299.151   278.10812 291.32196 277.3165  289.33295
  279.6615  285.607   290.75217]], shape=(1, 10), dtype=float32)
2024-12-20 23:04:59,127 - DEBUG - Best moves: [4, 9]
2024-12-20 23:05:00,155 - DEBUG - y_target: 294.8717484375
2024-12-20 23:05:00,156 - DEBUG - tf.Tensor(
[[292.5947  278.05746 295.3443  274.5765  287.6324  274.19165 285.65024
  276.06216 282.0946  287.157  ]], shape=(1, 10), dtype=float32)
2024-12-20 23:05:00,157 - DEBUG - Best moves: [4, 9]
2024-12-20 23:05:01,189 - DEBUG - y_target: 298.672359375
2024-12-20 23:05:01,189 - DEBUG - tf.Tensor(
[[296.13248 281.41977 299.151   278.10812 291.32196 277.3165  289.33295
  279.6615  285.607   290.75217]], shape=(1, 10), dtype=float32)
2024-12-20 23:05:01,190 - DEBUG - Best moves: [4, 9]
2024-12-20 23:05:02,208 - DEBUG - One action takes: 0.016442298889160156
2024-12-20 23:05:02,219 - DEBUG - y_target: 294.8717484375
2024-12-20 23:05:02,219 - DEBUG - tf.Tensor(
[[292.5947  278.05746 295.3443  274.5765  287.6324  274.19165 285.65024
  276.06216 282.0946  287.157  ]], shape=(1, 10), dtype=float32)
2024-12-20 23:05:02,220 - DEBUG - Best moves: [4, 9]
2024-12-20 23:05:03,312 - DEBUG - y_target: 298.672359375
2024-12-20 23:05:03,312 - DEBUG - tf.Tensor(
[[296.13248 281.41977 299.151   278.10812 291.32196 277.3165  289.33295
  279.6615  285.607   290.75217]], shape=(1, 10), dtype=float32)
2024-12-20 23:05:03,313 - DEBUG - Best moves: [2, 9]
2024-12-20 23:05:04,344 - DEBUG - y_target: 306.685396875
2024-12-20 23:05:04,345 - DEBUG - tf.Tensor(
[[304.71014 289.2088  307.17688 285.36377 299.83408 285.30402 297.24652
  287.53717 293.7875  298.28708]], shape=(1, 10), dtype=float32)
2024-12-20 23:05:04,346 - DEBUG - Best moves: [1, 9]
2024-12-20 23:05:05,373 - DEBUG - y_target: 309.33166875
2024-12-20 23:05:05,374 - DEBUG - tf.Tensor(
[[307.375   291.72318 309.8274  287.89224 302.4054  287.72855 300.01746
  290.11325 296.23795 300.9641 ]], shape=(1, 10), dtype=float32)
2024-12-20 23:05:05,374 - DEBUG - Best moves: [3, 9]
2024-12-20 23:05:06,408 - DEBUG - y_target: 296.88433125
2024-12-20 23:05:06,408 - DEBUG - tf.Tensor(
[[294.35324 279.70853 297.3601  276.36914 289.60452 275.6957  287.42563
  277.92847 283.99173 288.91592]], shape=(1, 10), dtype=float32)
2024-12-20 23:05:06,409 - DEBUG - Best moves: [4, 9]
2024-12-20 23:05:07,433 - DEBUG - One action takes: 0.017559051513671875
2024-12-20 23:05:07,443 - DEBUG - y_target: 297.13003125
2024-12-20 23:05:07,443 - DEBUG - tf.Tensor(
[[294.80948 280.2042  297.6062  276.74182 289.81808 276.2281  287.99225
  278.23666 284.15387 289.42957]], shape=(1, 10), dtype=float32)
2024-12-20 23:05:07,444 - DEBUG - Best moves: [4, 9]
2024-12-20 23:05:08,557 - DEBUG - y_target: 296.4141375
2024-12-20 23:05:08,557 - DEBUG - tf.Tensor(
[[293.91772 279.27307 296.88916 275.9428  289.1362  275.28015 286.99094
  277.48703 283.5478  288.47964]], shape=(1, 10), dtype=float32)
2024-12-20 23:05:08,558 - DEBUG - Best moves: [4, 9]
2024-12-20 23:05:09,623 - DEBUG - y_target: 297.13003125
2024-12-20 23:05:09,624 - DEBUG - tf.Tensor(
[[294.80948 280.2042  297.6062  276.74182 289.81808 276.2281  287.99225
  278.23666 284.15387 289.42957]], shape=(1, 10), dtype=float32)
2024-12-20 23:05:09,625 - DEBUG - Best moves: [4, 9]
2024-12-20 23:05:10,666 - DEBUG - y_target: 296.4141375
2024-12-20 23:05:10,667 - DEBUG - tf.Tensor(
[[293.91772 279.27307 296.88916 275.9428  289.1362  275.28015 286.99094
  277.48703 283.5478  288.47964]], shape=(1, 10), dtype=float32)
2024-12-20 23:05:10,668 - DEBUG - Best moves: [4, 9]
2024-12-20 23:05:11,708 - DEBUG - y_target: 297.13003125
2024-12-20 23:05:11,709 - DEBUG - tf.Tensor(
[[294.80948 280.2042  297.6062  276.74182 289.81808 276.2281  287.99225
  278.23666 284.15387 289.42957]], shape=(1, 10), dtype=float32)
2024-12-20 23:05:11,710 - DEBUG - Best moves: [4, 9]
2024-12-20 23:05:12,741 - DEBUG - One action takes: 0.023159027099609375
2024-12-20 23:05:12,753 - DEBUG - y_target: 296.4141375
2024-12-20 23:05:12,754 - DEBUG - tf.Tensor(
[[293.91772 279.27307 296.88916 275.9428  289.1362  275.28015 286.99094
  277.48703 283.5478  288.47964]], shape=(1, 10), dtype=float32)
2024-12-20 23:05:12,758 - DEBUG - Best moves: [4, 9]
2024-12-20 23:08:53,905 - DEBUG - Falling back to TensorFlow client; we recommended you install the Cloud TPU client directly with pip install cloud-tpu-client.
2024-12-20 23:08:54,303 - DEBUG - Creating converter from 7 to 5
2024-12-20 23:08:54,304 - DEBUG - Creating converter from 5 to 7
2024-12-20 23:08:54,309 - DEBUG - Creating converter from 7 to 5
2024-12-20 23:08:54,310 - DEBUG - Creating converter from 5 to 7
2024-12-20 23:08:55,372 - INFO - 2.18.0
2024-12-20 23:08:55,467 - DEBUG - matplotlib data path: /Library/Frameworks/Python.framework/Versions/3.12/lib/python3.12/site-packages/matplotlib/mpl-data
2024-12-20 23:08:55,471 - DEBUG - CONFIGDIR=/Users/michal.maslowski/.matplotlib
2024-12-20 23:08:55,489 - DEBUG - interactive is False
2024-12-20 23:08:55,490 - DEBUG - platform is darwin
2024-12-20 23:08:55,534 - DEBUG - CACHEDIR=/Users/michal.maslowski/.matplotlib
2024-12-20 23:08:55,537 - DEBUG - Using fontManager instance from /Users/michal.maslowski/.matplotlib/fontlist-v390.json
2024-12-20 23:08:57,180 - DEBUG - Play the new game #2
2024-12-20 23:09:02,370 - DEBUG - One action takes: 0.026338815689086914
2024-12-20 23:09:07,446 - DEBUG - One action takes: 0.01781773567199707
2024-12-20 23:09:12,571 - DEBUG - One action takes: 0.020254135131835938
2024-12-20 23:09:17,673 - DEBUG - One action takes: 0.031928062438964844
2024-12-20 23:09:23,109 - DEBUG - One action takes: 0.03455376625061035
2024-12-20 23:09:29,225 - DEBUG - One action takes: 0.03049015998840332
2024-12-20 23:09:34,470 - DEBUG - One action takes: 0.02552199363708496
2024-12-20 23:09:39,602 - DEBUG - One action takes: 0.028230905532836914
2024-12-20 23:09:44,685 - DEBUG - One action takes: 0.022488117218017578
2024-12-20 23:09:49,790 - DEBUG - One action takes: 0.0237429141998291
2024-12-20 23:09:54,882 - DEBUG - One action takes: 0.02275681495666504
2024-12-20 23:09:59,990 - DEBUG - One action takes: 0.02198505401611328
2024-12-20 23:10:05,316 - DEBUG - One action takes: 0.018181800842285156
2024-12-20 23:10:10,403 - DEBUG - One action takes: 0.030537128448486328
2024-12-20 23:15:40,322 - DEBUG - Falling back to TensorFlow client; we recommended you install the Cloud TPU client directly with pip install cloud-tpu-client.
2024-12-20 23:15:41,245 - DEBUG - Creating converter from 7 to 5
2024-12-20 23:15:41,247 - DEBUG - Creating converter from 5 to 7
2024-12-20 23:15:41,248 - DEBUG - Creating converter from 7 to 5
2024-12-20 23:15:41,249 - DEBUG - Creating converter from 5 to 7
2024-12-20 23:15:44,986 - INFO - 2.18.0
2024-12-20 23:15:45,265 - DEBUG - matplotlib data path: /Library/Frameworks/Python.framework/Versions/3.12/lib/python3.12/site-packages/matplotlib/mpl-data
2024-12-20 23:15:45,279 - DEBUG - CONFIGDIR=/Users/michal.maslowski/.matplotlib
2024-12-20 23:15:45,317 - DEBUG - interactive is False
2024-12-20 23:15:45,319 - DEBUG - platform is darwin
2024-12-20 23:15:45,425 - DEBUG - CACHEDIR=/Users/michal.maslowski/.matplotlib
2024-12-20 23:15:45,431 - DEBUG - Using fontManager instance from /Users/michal.maslowski/.matplotlib/fontlist-v390.json
2024-12-20 23:15:48,333 - DEBUG - Play the new game #2
2024-12-20 23:15:53,614 - DEBUG - One action takes: 0.017171859741210938
2024-12-20 23:15:58,742 - DEBUG - One action takes: 0.018777847290039062
2024-12-20 23:16:03,883 - DEBUG - One action takes: 0.01620197296142578
2024-12-20 23:16:09,021 - DEBUG - One action takes: 0.018930912017822266
2024-12-20 23:16:14,153 - DEBUG - One action takes: 0.016267776489257812
2024-12-20 23:16:19,284 - DEBUG - One action takes: 0.015852928161621094
2024-12-20 23:16:24,416 - DEBUG - One action takes: 0.015937089920043945
2024-12-20 23:16:29,556 - DEBUG - One action takes: 0.015859127044677734
2024-12-20 23:16:34,693 - DEBUG - One action takes: 0.01560211181640625
2024-12-20 23:16:39,827 - DEBUG - One action takes: 0.016727924346923828
2024-12-20 23:16:44,963 - DEBUG - One action takes: 0.015971660614013672
2024-12-20 23:16:50,095 - DEBUG - One action takes: 0.015573263168334961
2024-12-20 23:16:55,228 - DEBUG - One action takes: 0.016130685806274414
2024-12-20 23:17:00,364 - DEBUG - One action takes: 0.017282962799072266
2024-12-20 23:17:05,491 - DEBUG - One action takes: 0.017333030700683594
2024-12-20 23:17:10,629 - DEBUG - One action takes: 0.018463850021362305
2024-12-20 23:17:15,764 - DEBUG - One action takes: 0.016965866088867188
2024-12-20 23:17:20,897 - DEBUG - One action takes: 0.01605081558227539
2024-12-20 23:17:26,287 - DEBUG - One action takes: 0.015600204467773438
2024-12-20 23:17:31,422 - DEBUG - One action takes: 0.01572895050048828
2024-12-20 23:17:36,560 - DEBUG - One action takes: 0.01597309112548828
2024-12-20 23:17:41,698 - DEBUG - One action takes: 0.015657901763916016
2024-12-20 23:17:46,831 - DEBUG - One action takes: 0.01662921905517578
2024-12-20 23:17:51,966 - DEBUG - One action takes: 0.016644954681396484
2024-12-20 23:17:57,106 - DEBUG - One action takes: 0.015452861785888672
2024-12-20 23:18:02,254 - DEBUG - One action takes: 0.01622605323791504
2024-12-20 23:18:07,389 - DEBUG - One action takes: 0.01584005355834961
2024-12-20 23:18:09,039 - DEBUG - Play the new game #2
2024-12-20 23:18:14,215 - DEBUG - One action takes: 0.024180889129638672
2024-12-20 23:18:19,376 - DEBUG - One action takes: 0.023958921432495117
2024-12-20 23:18:24,710 - DEBUG - One action takes: 0.19864702224731445
2024-12-20 23:18:29,875 - DEBUG - One action takes: 0.022992849349975586
2024-12-20 23:18:35,089 - DEBUG - One action takes: 0.022778034210205078
2024-12-20 23:18:40,253 - DEBUG - One action takes: 0.024306774139404297
2024-12-20 23:18:45,459 - DEBUG - One action takes: 0.016371965408325195
2024-12-20 23:18:50,608 - DEBUG - One action takes: 0.023474931716918945
2024-12-20 23:18:55,762 - DEBUG - One action takes: 0.017178058624267578
2024-12-20 23:19:00,991 - DEBUG - One action takes: 0.025653839111328125
2024-12-20 23:19:06,218 - DEBUG - One action takes: 0.02074408531188965
2024-12-20 23:19:11,372 - DEBUG - One action takes: 0.023716211318969727
2024-12-20 23:19:16,526 - DEBUG - One action takes: 0.022616147994995117
2024-12-20 23:19:21,682 - DEBUG - One action takes: 0.022289037704467773
2024-12-20 23:19:26,837 - DEBUG - One action takes: 0.022301912307739258
2024-12-20 23:19:31,986 - DEBUG - One action takes: 0.02403879165649414
2024-12-20 23:19:37,150 - DEBUG - One action takes: 0.02326488494873047
2024-12-20 23:19:42,313 - DEBUG - One action takes: 0.02435612678527832
2024-12-20 23:19:47,477 - DEBUG - One action takes: 0.023662805557250977
2024-12-20 23:19:52,639 - DEBUG - One action takes: 0.025283098220825195
2024-12-20 23:19:57,805 - DEBUG - One action takes: 0.028905868530273438
2024-12-20 23:20:02,973 - DEBUG - One action takes: 0.024266958236694336
2024-12-20 23:20:08,193 - DEBUG - One action takes: 0.021485090255737305
2024-12-20 23:20:13,360 - DEBUG - One action takes: 0.029835939407348633
2024-12-20 23:20:18,532 - DEBUG - One action takes: 0.035932302474975586
2024-12-20 23:20:23,735 - DEBUG - One action takes: 0.04719805717468262
2024-12-20 23:20:29,213 - DEBUG - One action takes: 0.32091712951660156
2024-12-20 23:20:30,912 - DEBUG - Play the new game #2
2024-12-20 23:21:16,367 - DEBUG - Falling back to TensorFlow client; we recommended you install the Cloud TPU client directly with pip install cloud-tpu-client.
2024-12-20 23:21:16,732 - DEBUG - Creating converter from 7 to 5
2024-12-20 23:21:16,733 - DEBUG - Creating converter from 5 to 7
2024-12-20 23:21:16,734 - DEBUG - Creating converter from 7 to 5
2024-12-20 23:21:16,735 - DEBUG - Creating converter from 5 to 7
2024-12-20 23:21:17,736 - INFO - 2.18.0
2024-12-20 23:21:17,834 - DEBUG - matplotlib data path: /Library/Frameworks/Python.framework/Versions/3.12/lib/python3.12/site-packages/matplotlib/mpl-data
2024-12-20 23:21:17,839 - DEBUG - CONFIGDIR=/Users/michal.maslowski/.matplotlib
2024-12-20 23:21:17,859 - DEBUG - interactive is False
2024-12-20 23:21:17,860 - DEBUG - platform is darwin
2024-12-20 23:21:17,902 - DEBUG - CACHEDIR=/Users/michal.maslowski/.matplotlib
2024-12-20 23:21:17,905 - DEBUG - Using fontManager instance from /Users/michal.maslowski/.matplotlib/fontlist-v390.json
2024-12-20 23:21:19,757 - DEBUG - Play the new game #2
2024-12-20 23:21:24,967 - DEBUG - One action takes: 0.03046703338623047
2024-12-20 23:21:30,254 - DEBUG - One action takes: 0.017447948455810547
2024-12-20 23:21:35,372 - DEBUG - One action takes: 0.02182292938232422
2024-12-20 23:21:41,914 - DEBUG - One action takes: 0.027599811553955078
2024-12-20 23:21:47,849 - DEBUG - One action takes: 0.029646873474121094
2024-12-20 23:21:52,959 - DEBUG - One action takes: 0.015903949737548828
2024-12-20 23:21:58,068 - DEBUG - One action takes: 0.041027069091796875
2024-12-20 23:22:03,157 - DEBUG - One action takes: 0.02116703987121582
2024-12-20 23:22:08,629 - DEBUG - One action takes: 0.04080700874328613
2024-12-20 23:22:14,059 - DEBUG - One action takes: 0.03438901901245117
2024-12-20 23:22:19,652 - DEBUG - One action takes: 0.02555704116821289
2024-12-20 23:22:24,741 - DEBUG - One action takes: 0.030981063842773438
2024-12-20 23:22:29,846 - DEBUG - One action takes: 0.03328108787536621
2024-12-20 23:22:36,011 - DEBUG - One action takes: 0.07444405555725098
2024-12-20 23:22:42,102 - DEBUG - One action takes: 0.033267974853515625
2024-12-20 23:22:47,213 - DEBUG - One action takes: 0.03663992881774902
2024-12-20 23:22:53,858 - DEBUG - One action takes: 0.030198097229003906
2024-12-20 23:22:59,450 - DEBUG - One action takes: 0.043322086334228516
2024-12-20 23:23:04,882 - DEBUG - One action takes: 0.026211023330688477
2024-12-20 23:23:10,249 - DEBUG - One action takes: 0.029784202575683594
2024-12-20 23:23:16,344 - DEBUG - One action takes: 0.047126054763793945
2024-12-20 23:23:21,471 - DEBUG - One action takes: 0.03839588165283203
2024-12-20 23:23:25,509 - INFO - 2.18.0
2024-12-20 23:23:25,829 - DEBUG - Play the new game #2
2024-12-20 23:23:32,038 - DEBUG - One action takes: 0.1815013885498047
2024-12-20 23:23:37,224 - DEBUG - One action takes: 0.018802881240844727
2024-12-20 23:23:42,433 - DEBUG - One action takes: 0.023627042770385742
2024-12-20 23:23:47,643 - DEBUG - One action takes: 0.025825023651123047
2024-12-20 23:23:52,909 - DEBUG - One action takes: 0.027215957641601562
2024-12-20 23:23:58,168 - DEBUG - One action takes: 0.04315066337585449
2024-12-20 23:24:05,512 - DEBUG - One action takes: 0.07071805000305176
2024-12-20 23:24:11,023 - DEBUG - One action takes: 0.033107757568359375
2024-12-20 23:24:16,546 - DEBUG - One action takes: 0.05626487731933594
2024-12-20 23:24:21,877 - DEBUG - One action takes: 0.021045923233032227
2024-12-20 23:24:28,096 - DEBUG - One action takes: 0.023653030395507812
2024-12-20 23:24:33,599 - DEBUG - One action takes: 0.21291708946228027
2024-12-20 23:24:39,126 - DEBUG - One action takes: 0.024055004119873047
2024-12-20 23:24:44,561 - DEBUG - One action takes: 0.10872220993041992
2024-12-20 23:24:53,701 - DEBUG - One action takes: 0.024033784866333008
2024-12-20 23:25:15,116 - DEBUG - Falling back to TensorFlow client; we recommended you install the Cloud TPU client directly with pip install cloud-tpu-client.
2024-12-20 23:25:15,495 - DEBUG - Creating converter from 7 to 5
2024-12-20 23:25:15,495 - DEBUG - Creating converter from 5 to 7
2024-12-20 23:25:15,496 - DEBUG - Creating converter from 7 to 5
2024-12-20 23:25:15,496 - DEBUG - Creating converter from 5 to 7
2024-12-20 23:25:16,489 - INFO - 2.18.0
2024-12-20 23:25:16,585 - DEBUG - matplotlib data path: /Library/Frameworks/Python.framework/Versions/3.12/lib/python3.12/site-packages/matplotlib/mpl-data
2024-12-20 23:25:16,590 - DEBUG - CONFIGDIR=/Users/michal.maslowski/.matplotlib
2024-12-20 23:25:16,606 - DEBUG - interactive is False
2024-12-20 23:25:16,606 - DEBUG - platform is darwin
2024-12-20 23:25:16,650 - DEBUG - CACHEDIR=/Users/michal.maslowski/.matplotlib
2024-12-20 23:25:16,653 - DEBUG - Using fontManager instance from /Users/michal.maslowski/.matplotlib/fontlist-v390.json
2024-12-20 23:25:19,858 - DEBUG - Play the new game #2
2024-12-20 23:25:25,187 - DEBUG - One action takes: 0.035308122634887695
2024-12-20 23:25:30,579 - DEBUG - One action takes: 0.024592876434326172
2024-12-20 23:25:35,864 - DEBUG - One action takes: 0.021102190017700195
2024-12-20 23:25:41,184 - DEBUG - One action takes: 0.029034137725830078
2024-12-20 23:25:46,508 - DEBUG - One action takes: 0.017539024353027344
2024-12-20 23:25:52,050 - DEBUG - One action takes: 0.05360293388366699
2024-12-20 23:25:57,409 - DEBUG - One action takes: 0.023009061813354492
2024-12-20 23:26:02,798 - DEBUG - One action takes: 0.029220104217529297
2024-12-20 23:26:09,335 - DEBUG - One action takes: 0.046570777893066406
2024-12-20 23:26:15,326 - DEBUG - One action takes: 0.028811931610107422
2024-12-20 23:26:20,723 - DEBUG - One action takes: 0.046395063400268555
2024-12-20 23:26:26,299 - DEBUG - One action takes: 0.045166015625
2024-12-20 23:26:32,763 - DEBUG - One action takes: 0.03927803039550781
2024-12-20 23:26:40,393 - DEBUG - One action takes: 0.016118764877319336
2024-12-20 23:26:46,287 - DEBUG - One action takes: 0.017806053161621094
2024-12-20 23:26:51,658 - DEBUG - One action takes: 0.031701087951660156
2024-12-20 23:26:57,442 - DEBUG - One action takes: 0.03124380111694336
2024-12-20 23:27:03,154 - DEBUG - One action takes: 0.03398704528808594
2024-12-20 23:27:08,953 - DEBUG - One action takes: 0.0355222225189209
2024-12-20 23:27:14,667 - DEBUG - One action takes: 0.03215384483337402
2024-12-20 23:27:20,212 - DEBUG - One action takes: 0.01848292350769043
2024-12-20 23:27:25,456 - DEBUG - One action takes: 0.01593804359436035
2024-12-20 23:27:31,708 - DEBUG - One action takes: 0.11310887336730957
2024-12-20 23:27:38,963 - DEBUG - One action takes: 0.03271484375
2024-12-20 23:27:44,584 - DEBUG - One action takes: 0.032655954360961914
2024-12-20 23:27:51,335 - DEBUG - One action takes: 0.018876075744628906
2024-12-20 23:27:57,781 - DEBUG - One action takes: 0.05194711685180664
2024-12-20 23:27:59,786 - DEBUG - Play the new game #2
2024-12-20 23:28:05,657 - DEBUG - One action takes: 0.03026604652404785
2024-12-20 23:28:11,375 - DEBUG - One action takes: 0.02805304527282715
2024-12-20 23:28:18,874 - DEBUG - One action takes: 0.023756027221679688
2024-12-20 23:28:24,169 - DEBUG - One action takes: 0.019948959350585938
2024-12-20 23:28:29,668 - DEBUG - One action takes: 0.027883052825927734
2024-12-20 23:28:35,854 - DEBUG - One action takes: 0.029928922653198242
2024-12-20 23:28:41,478 - DEBUG - One action takes: 0.030678987503051758
2024-12-20 23:28:47,839 - DEBUG - One action takes: 0.020061016082763672
2024-12-20 23:28:53,554 - DEBUG - One action takes: 0.017050981521606445
2024-12-20 23:29:00,142 - DEBUG - One action takes: 0.03563094139099121
2024-12-20 23:29:06,771 - DEBUG - One action takes: 0.027670621871948242
2024-12-20 23:29:12,889 - DEBUG - One action takes: 0.12036514282226562
2024-12-20 23:29:18,549 - DEBUG - One action takes: 0.02274298667907715
2024-12-20 23:29:25,987 - DEBUG - One action takes: 0.02140522003173828
2024-12-20 23:29:31,427 - DEBUG - One action takes: 0.028944969177246094
2024-12-20 23:29:37,282 - DEBUG - One action takes: 0.043508052825927734
2024-12-20 23:29:43,135 - DEBUG - One action takes: 0.024206876754760742
2024-12-20 23:29:48,777 - DEBUG - One action takes: 0.027685880661010742
2024-12-20 23:29:54,362 - DEBUG - One action takes: 0.049581050872802734
2024-12-20 23:30:00,358 - DEBUG - One action takes: 0.04926109313964844
2024-12-20 23:30:05,822 - DEBUG - One action takes: 0.024662017822265625
2024-12-20 23:30:11,198 - DEBUG - One action takes: 0.044619083404541016
2024-12-20 23:30:17,436 - DEBUG - One action takes: 0.018029212951660156
2024-12-20 23:30:22,827 - DEBUG - One action takes: 0.031744956970214844
2024-12-20 23:30:28,273 - DEBUG - One action takes: 0.023247241973876953
2024-12-20 23:30:34,745 - DEBUG - One action takes: 0.03342413902282715
